ORDER_ID,ORDER_DATETIME,CUSTOMER_ID,ORDER_STATUS,STORE_ID
447,06-JAN-22 09.35.42.00,355,COMPLETE,1
448,06-JAN-22 10.23.14.00,155,COMPLETE,1
449,06-JAN-22 01.21.54.00,242,COMPLETE,1
450,06-JAN-22 05.57.04.00,49,COMPLETE,1
451,06-JAN-22 10.39.07.00,204,COMPLETE,1
452,07-JAN-22 01.11.46.00,216,COMPLETE,1
453,07-JAN-22 06.53.06.00,4,COMPLETE,4
454,07-JAN-22 03.55.15.00,388,COMPLETE,1
455,07-JAN-22 06.38.38.00,291,COMPLETE,1
456,08-JAN-22 12.52.12.00,272,COMPLETE,1
457,08-JAN-22 10.13.30.00,307,COMPLETE,1
458,08-JAN-22 11.03.34.00,42,COMPLETE,1
459,09-JAN-22 02.35.19.00,390,COMPLETE,1
460,09-JAN-22 03.35.53.00,235,COMPLETE,1
461,09-JAN-22 12.54.10.00,302,COMPLETE,1
462,09-JAN-22 02.44.45.00,357,COMPLETE,1
463,09-JAN-22 02.54.31.00,271,COMPLETE,1
464,09-JAN-22 05.16.13.00,79,COMPLETE,1
465,09-JAN-22 09.42.53.00,280,COMPLETE,1
466,10-JAN-22 07.42.04.00,210,COMPLETE,7
467,11-JAN-22 01.25.06.00,293,COMPLETE,1
468,12-JAN-22 03.56.35.00,299,CANCELLED,1
469,12-JAN-22 10.22.10.00,239,COMPLETE,1
470,12-JAN-22 11.40.14.00,217,COMPLETE,1
471,12-JAN-22 12.02.56.00,61,COMPLETE,3
472,12-JAN-22 12.40.49.00,182,COMPLETE,1
473,12-JAN-22 01.24.18.00,116,COMPLETE,1
474,12-JAN-22 06.17.28.00,244,COMPLETE,1
475,12-JAN-22 10.20.52.00,210,COMPLETE,1
476,12-JAN-22 10.41.43.00,84,COMPLETE,1
477,13-JAN-22 01.00.02.00,374,COMPLETE,1
478,13-JAN-22 06.17.28.00,389,COMPLETE,1
479,13-JAN-22 07.13.56.00,368,COMPLETE,1
480,13-JAN-22 08.44.34.00,344,COMPLETE,1
481,13-JAN-22 11.40.21.00,118,COMPLETE,1
482,13-JAN-22 01.54.39.00,88,COMPLETE,1
483,13-JAN-22 09.10.36.00,72,COMPLETE,1
484,14-JAN-22 04.30.58.00,159,COMPLETE,1
485,15-JAN-22 05.21.41.00,134,COMPLETE,1
486,15-JAN-22 01.27.37.00,105,COMPLETE,1
487,15-JAN-22 02.04.27.00,259,COMPLETE,1
488,15-JAN-22 06.29.22.00,150,COMPLETE,1
489,15-JAN-22 11.08.12.00,64,REFUNDED,1
490,16-JAN-22 02.18.47.00,48,COMPLETE,1
491,16-JAN-22 11.36.07.00,264,COMPLETE,3
492,16-JAN-22 08.30.25.00,381,COMPLETE,1
493,17-JAN-22 06.17.22.00,155,COMPLETE,1
494,17-JAN-22 09.41.15.00,256,COMPLETE,1
495,17-JAN-22 06.07.00.00,205,COMPLETE,2
496,17-JAN-22 11.58.50.00,33,COMPLETE,4
497,18-JAN-22 12.59.01.00,164,COMPLETE,1
498,18-JAN-22 03.48.04.00,262,COMPLETE,1
499,18-JAN-22 02.11.23.00,333,COMPLETE,1
500,18-JAN-22 03.56.55.00,200,COMPLETE,1
501,18-JAN-22 10.14.50.00,367,COMPLETE,1
502,19-JAN-22 02.50.53.00,355,COMPLETE,1
503,20-JAN-22 06.55.43.00,243,COMPLETE,1
504,21-JAN-22 06.03.09.00,107,COMPLETE,1
505,22-JAN-22 02.08.42.00,248,COMPLETE,1
506,22-JAN-22 05.36.47.00,4,COMPLETE,1
507,22-JAN-22 10.43.04.00,137,COMPLETE,1
508,22-JAN-22 02.47.09.00,157,COMPLETE,1
509,22-JAN-22 04.07.52.00,303,COMPLETE,1
510,22-JAN-22 11.53.07.00,322,COMPLETE,1
511,23-JAN-22 02.08.50.00,22,COMPLETE,1
512,23-JAN-22 09.07.16.00,235,COMPLETE,3
513,24-JAN-22 02.40.25.00,15,COMPLETE,1
514,24-JAN-22 05.30.03.00,63,COMPLETE,1
515,24-JAN-22 03.30.17.00,385,COMPLETE,1
516,24-JAN-22 05.11.24.00,30,COMPLETE,1
517,24-JAN-22 08.54.50.00,302,COMPLETE,1
518,25-JAN-22 07.01.14.00,125,COMPLETE,1
519,25-JAN-22 11.02.55.00,207,COMPLETE,1
520,25-JAN-22 11.27.33.00,35,COMPLETE,6
521,26-JAN-22 03.32.49.00,157,COMPLETE,1
522,26-JAN-22 06.10.38.00,298,COMPLETE,1
523,26-JAN-22 11.33.09.00,60,COMPLETE,1
524,26-JAN-22 12.48.31.00,287,COMPLETE,1
525,26-JAN-22 05.01.17.00,43,COMPLETE,1
526,26-JAN-22 06.56.42.00,127,REFUNDED,1
527,27-JAN-22 04.36.29.00,272,COMPLETE,1
528,27-JAN-22 06.57.51.00,143,COMPLETE,1
529,27-JAN-22 07.48.59.00,253,COMPLETE,1
530,27-JAN-22 08.18.37.00,311,COMPLETE,1
531,27-JAN-22 12.50.09.00,237,COMPLETE,1
532,28-JAN-22 08.05.40.00,251,COMPLETE,1
533,28-JAN-22 12.55.59.00,130,COMPLETE,1
534,28-JAN-22 03.08.46.00,362,COMPLETE,1
535,29-JAN-22 12.06.37.00,319,COMPLETE,1
536,29-JAN-22 07.57.30.00,370,COMPLETE,1
537,29-JAN-22 01.36.37.00,49,COMPLETE,1
538,30-JAN-22 04.05.58.00,385,COMPLETE,1
539,30-JAN-22 09.47.01.00,31,CANCELLED,1
540,30-JAN-22 11.09.41.00,41,COMPLETE,1
541,30-JAN-22 02.15.41.00,173,COMPLETE,1
542,31-JAN-22 01.01.48.00,216,COMPLETE,1
543,31-JAN-22 02.09.48.00,357,COMPLETE,9
544,31-JAN-22 01.12.13.00,3,COMPLETE,1
545,31-JAN-22 02.23.17.00,35,COMPLETE,1
546,31-JAN-22 03.15.43.00,60,COMPLETE,2
547,01-FEB-22 02.49.11.00,72,COMPLETE,1
548,01-FEB-22 11.35.24.00,140,COMPLETE,1
549,01-FEB-22 12.43.49.00,385,COMPLETE,8
550,01-FEB-22 02.42.29.00,313,COMPLETE,1
551,01-FEB-22 06.59.51.00,190,COMPLETE,1
552,02-FEB-22 01.42.52.00,209,COMPLETE,6
553,02-FEB-22 10.21.55.00,35,COMPLETE,1
554,02-FEB-22 10.51.55.00,93,COMPLETE,1
555,02-FEB-22 01.30.47.00,105,COMPLETE,1
556,02-FEB-22 06.06.57.00,143,COMPLETE,1
557,02-FEB-22 07.26.21.00,221,COMPLETE,1
558,02-FEB-22 10.49.37.00,206,COMPLETE,3
559,03-FEB-22 02.56.32.00,38,COMPLETE,1
560,03-FEB-22 06.13.18.00,235,COMPLETE,1
561,03-FEB-22 10.02.24.00,38,COMPLETE,1
562,04-FEB-22 03.03.04.00,87,COMPLETE,1
563,04-FEB-22 05.40.27.00,213,COMPLETE,1
564,04-FEB-22 11.28.14.00,30,COMPLETE,1
565,04-FEB-22 03.52.32.00,385,COMPLETE,1
566,05-FEB-22 02.56.19.00,317,COMPLETE,1
567,05-FEB-22 11.02.18.00,391,COMPLETE,1
568,05-FEB-22 01.28.42.00,97,COMPLETE,1
569,05-FEB-22 02.51.14.00,291,COMPLETE,1
570,05-FEB-22 08.16.36.00,343,COMPLETE,1
571,05-FEB-22 08.28.37.00,273,COMPLETE,1
572,06-FEB-22 10.56.47.00,368,COMPLETE,1
573,06-FEB-22 01.59.15.00,41,COMPLETE,1
574,07-FEB-22 06.34.58.00,101,COMPLETE,1
575,08-FEB-22 01.13.10.00,118,COMPLETE,1
576,08-FEB-22 02.10.51.00,324,CANCELLED,5
577,08-FEB-22 08.10.47.00,65,COMPLETE,1
578,08-FEB-22 01.27.55.00,218,COMPLETE,1
579,08-FEB-22 05.30.51.00,121,COMPLETE,5
580,08-FEB-22 06.56.59.00,235,COMPLETE,1
581,08-FEB-22 11.40.45.00,41,COMPLETE,1
582,09-FEB-22 10.48.24.00,215,COMPLETE,1
583,09-FEB-22 10.50.10.00,205,COMPLETE,1
584,10-FEB-22 12.13.11.00,67,COMPLETE,9
585,10-FEB-22 05.42.41.00,4,COMPLETE,1
586,10-FEB-22 07.09.58.00,131,COMPLETE,1
587,10-FEB-22 08.24.36.00,82,COMPLETE,1
588,10-FEB-22 09.47.25.00,110,COMPLETE,1
589,11-FEB-22 09.04.36.00,284,COMPLETE,1
590,11-FEB-22 12.00.53.00,60,COMPLETE,1
591,11-FEB-22 02.14.29.00,35,COMPLETE,6
592,11-FEB-22 07.35.32.00,123,COMPLETE,1
593,12-FEB-22 02.13.59.00,152,COMPLETE,1
594,12-FEB-22 05.34.36.00,358,COMPLETE,1
595,12-FEB-22 09.36.57.00,378,COMPLETE,1
596,13-FEB-22 09.25.15.00,357,COMPLETE,9
597,13-FEB-22 07.29.28.00,269,COMPLETE,1
598,14-FEB-22 01.21.54.00,203,COMPLETE,1
599,14-FEB-22 04.16.54.00,43,COMPLETE,1
600,14-FEB-22 04.24.10.00,147,COMPLETE,2
601,14-FEB-22 02.25.06.00,59,CANCELLED,1
602,14-FEB-22 11.53.24.00,24,COMPLETE,1
603,15-FEB-22 07.09.26.00,260,COMPLETE,1
604,15-FEB-22 08.02.18.00,346,COMPLETE,1
605,15-FEB-22 09.33.54.00,314,COMPLETE,1
606,15-FEB-22 08.22.45.00,28,COMPLETE,1
607,15-FEB-22 10.39.50.00,377,COMPLETE,1
608,16-FEB-22 02.41.44.00,3,COMPLETE,1
609,16-FEB-22 08.17.58.00,187,COMPLETE,1
610,16-FEB-22 02.31.26.00,383,COMPLETE,1
611,16-FEB-22 10.13.04.00,274,COMPLETE,1
612,16-FEB-22 11.42.24.00,369,COMPLETE,1
613,17-FEB-22 03.40.20.00,384,COMPLETE,1
614,17-FEB-22 07.21.47.00,321,REFUNDED,2
615,17-FEB-22 07.32.44.00,338,COMPLETE,1
616,17-FEB-22 02.45.13.00,318,COMPLETE,1
617,17-FEB-22 03.35.06.00,265,COMPLETE,4
618,17-FEB-22 04.37.22.00,113,COMPLETE,1
619,17-FEB-22 05.29.22.00,115,COMPLETE,1
620,18-FEB-22 01.14.30.00,126,COMPLETE,1
621,18-FEB-22 02.26.42.00,357,COMPLETE,1
622,18-FEB-22 03.35.33.00,154,COMPLETE,1
623,18-FEB-22 04.10.29.00,198,COMPLETE,1
624,18-FEB-22 04.39.24.00,120,COMPLETE,1
625,18-FEB-22 09.36.23.00,147,COMPLETE,2
626,18-FEB-22 04.29.20.00,125,COMPLETE,9
627,18-FEB-22 05.49.01.00,294,COMPLETE,4
628,18-FEB-22 07.19.33.00,225,COMPLETE,1
629,18-FEB-22 10.11.37.00,242,COMPLETE,1
630,19-FEB-22 12.07.44.00,305,COMPLETE,1
631,19-FEB-22 12.22.26.00,264,COMPLETE,3
632,19-FEB-22 10.16.15.00,98,COMPLETE,1
633,19-FEB-22 10.41.38.00,227,COMPLETE,1
634,20-FEB-22 09.14.52.00,185,COMPLETE,1
635,21-FEB-22 01.31.36.00,24,COMPLETE,1
636,21-FEB-22 02.17.33.00,341,COMPLETE,1
637,21-FEB-22 03.39.17.00,237,COMPLETE,5
638,21-FEB-22 03.54.44.00,287,COMPLETE,1
639,22-FEB-22 01.46.25.00,188,COMPLETE,1
640,22-FEB-22 02.33.34.00,35,REFUNDED,1
641,22-FEB-22 03.34.29.00,364,COMPLETE,1
642,22-FEB-22 07.37.27.00,357,COMPLETE,1
643,22-FEB-22 07.58.27.00,166,COMPLETE,1
644,22-FEB-22 04.14.59.00,390,COMPLETE,1
645,22-FEB-22 04.44.16.00,105,COMPLETE,1
646,22-FEB-22 08.45.57.00,320,COMPLETE,1
647,22-FEB-22 08.51.53.00,351,CANCELLED,1
648,22-FEB-22 10.02.52.00,215,COMPLETE,1
649,22-FEB-22 11.35.35.00,30,CANCELLED,1
650,23-FEB-22 04.59.01.00,172,COMPLETE,1
651,23-FEB-22 09.37.53.00,300,COMPLETE,10
652,23-FEB-22 06.22.31.00,374,COMPLETE,1
653,23-FEB-22 10.09.57.00,293,COMPLETE,1
654,24-FEB-22 01.28.21.00,169,COMPLETE,1
655,24-FEB-22 06.40.16.00,197,COMPLETE,1
656,24-FEB-22 12.54.24.00,70,COMPLETE,1
657,24-FEB-22 03.19.55.00,322,COMPLETE,3
658,25-FEB-22 03.45.30.00,112,COMPLETE,1
659,25-FEB-22 07.23.38.00,58,COMPLETE,1
660,25-FEB-22 09.40.43.00,297,COMPLETE,1
661,26-FEB-22 06.50.15.00,379,COMPLETE,1
662,26-FEB-22 10.03.36.00,41,COMPLETE,1
663,26-FEB-22 09.36.12.00,352,COMPLETE,1
664,26-FEB-22 10.19.15.00,100,COMPLETE,1
665,27-FEB-22 03.19.10.00,385,REFUNDED,1
666,27-FEB-22 05.05.10.00,336,COMPLETE,1
667,27-FEB-22 09.07.15.00,235,COMPLETE,3
668,27-FEB-22 02.30.42.00,87,COMPLETE,1
669,27-FEB-22 04.44.19.00,36,COMPLETE,1
670,27-FEB-22 05.41.55.00,198,COMPLETE,1
671,27-FEB-22 07.37.04.00,265,COMPLETE,1
672,27-FEB-22 08.17.37.00,4,COMPLETE,4
673,27-FEB-22 09.07.14.00,61,COMPLETE,1
674,27-FEB-22 10.07.20.00,155,COMPLETE,1
675,28-FEB-22 01.37.13.00,120,COMPLETE,4
676,28-FEB-22 04.45.09.00,331,COMPLETE,1
677,28-FEB-22 07.10.43.00,89,COMPLETE,2
678,28-FEB-22 04.35.49.00,366,COMPLETE,1
679,28-FEB-22 09.23.57.00,310,COMPLETE,1
680,01-MAR-22 01.31.41.00,145,COMPLETE,1
681,01-MAR-22 04.49.36.00,264,COMPLETE,3
682,02-MAR-22 12.03.48.00,283,COMPLETE,1
683,02-MAR-22 12.58.07.00,209,COMPLETE,1
684,02-MAR-22 03.10.07.00,291,COMPLETE,1
685,03-MAR-22 08.38.54.00,190,COMPLETE,1
686,03-MAR-22 10.20.53.00,373,COMPLETE,1
687,03-MAR-22 06.49.13.00,16,COMPLETE,1
688,04-MAR-22 03.00.42.00,189,COMPLETE,1
689,04-MAR-22 04.32.41.00,268,COMPLETE,7
690,04-MAR-22 06.36.13.00,174,COMPLETE,1
691,04-MAR-22 10.57.31.00,38,COMPLETE,9
692,04-MAR-22 02.03.06.00,353,COMPLETE,5
693,04-MAR-22 03.39.32.00,333,COMPLETE,1
694,04-MAR-22 10.16.19.00,97,COMPLETE,1
695,05-MAR-22 12.58.47.00,299,COMPLETE,1
696,05-MAR-22 09.32.15.00,126,COMPLETE,10
697,05-MAR-22 10.39.37.00,62,CANCELLED,1
698,05-MAR-22 07.27.04.00,64,COMPLETE,1
699,06-MAR-22 12.46.16.00,285,COMPLETE,1
700,06-MAR-22 02.49.19.00,215,COMPLETE,1
701,06-MAR-22 05.33.28.00,372,COMPLETE,1
702,06-MAR-22 08.31.53.00,78,COMPLETE,1
703,06-MAR-22 10.29.28.00,354,COMPLETE,1
704,07-MAR-22 06.48.25.00,254,COMPLETE,1
705,07-MAR-22 08.19.57.00,239,COMPLETE,7
706,07-MAR-22 08.20.46.00,361,COMPLETE,1
707,07-MAR-22 12.52.38.00,5,COMPLETE,1
708,07-MAR-22 01.13.27.00,203,COMPLETE,1
709,07-MAR-22 03.25.34.00,111,COMPLETE,1
710,07-MAR-22 05.27.13.00,139,COMPLETE,1
711,07-MAR-22 08.15.58.00,78,COMPLETE,1
712,08-MAR-22 04.35.12.00,234,COMPLETE,1
713,08-MAR-22 03.37.23.00,183,CANCELLED,1
714,09-MAR-22 12.02.01.00,249,COMPLETE,1
715,09-MAR-22 04.29.33.00,213,COMPLETE,1
716,09-MAR-22 06.41.03.00,313,COMPLETE,1
717,09-MAR-22 09.07.28.00,386,COMPLETE,1
718,09-MAR-22 10.56.21.00,57,COMPLETE,1
719,09-MAR-22 11.55.51.00,353,COMPLETE,5
720,09-MAR-22 12.00.56.00,284,COMPLETE,1
721,09-MAR-22 07.07.21.00,124,COMPLETE,8
722,10-MAR-22 04.13.38.00,42,COMPLETE,1
723,10-MAR-22 04.14.19.00,69,COMPLETE,11
724,10-MAR-22 09.33.38.00,64,COMPLETE,6
725,10-MAR-22 12.08.52.00,213,COMPLETE,1
726,10-MAR-22 01.31.19.00,103,COMPLETE,1
727,10-MAR-22 03.30.36.00,336,COMPLETE,1
728,10-MAR-22 03.40.46.00,124,COMPLETE,1
729,10-MAR-22 06.47.32.00,300,COMPLETE,1
730,10-MAR-22 07.23.51.00,309,COMPLETE,1
731,10-MAR-22 09.02.55.00,318,COMPLETE,1
732,10-MAR-22 10.07.24.00,171,COMPLETE,1
733,11-MAR-22 06.10.48.00,268,COMPLETE,7
734,11-MAR-22 03.11.47.00,183,COMPLETE,9
735,11-MAR-22 04.36.11.00,76,COMPLETE,1
736,11-MAR-22 06.38.32.00,380,COMPLETE,1
737,11-MAR-22 07.30.33.00,305,COMPLETE,1
738,12-MAR-22 08.43.15.00,199,COMPLETE,1
739,12-MAR-22 02.47.18.00,159,COMPLETE,1
740,12-MAR-22 07.22.30.00,372,COMPLETE,1
741,12-MAR-22 07.39.52.00,310,COMPLETE,1
742,12-MAR-22 10.43.27.00,355,COMPLETE,1
743,12-MAR-22 11.42.54.00,157,COMPLETE,1
744,13-MAR-22 12.39.47.00,384,COMPLETE,1
745,13-MAR-22 01.22.04.00,45,COMPLETE,1
746,13-MAR-22 06.41.31.00,263,COMPLETE,1
747,13-MAR-22 03.57.21.00,172,COMPLETE,1
748,13-MAR-22 11.03.13.00,214,CANCELLED,1
749,13-MAR-22 11.17.23.00,148,COMPLETE,3
750,13-MAR-22 11.58.59.00,25,COMPLETE,1
751,14-MAR-22 02.11.32.00,225,COMPLETE,1
752,14-MAR-22 03.20.51.00,238,COMPLETE,1
753,14-MAR-22 06.40.07.00,342,COMPLETE,1
754,15-MAR-22 02.47.19.00,263,COMPLETE,1
755,15-MAR-22 11.26.22.00,46,COMPLETE,1
756,15-MAR-22 03.18.39.00,179,COMPLETE,1
757,15-MAR-22 03.45.15.00,324,COMPLETE,1
758,15-MAR-22 09.51.39.00,79,COMPLETE,1
759,15-MAR-22 11.50.05.00,133,COMPLETE,1
760,16-MAR-22 01.59.56.00,19,COMPLETE,1
761,16-MAR-22 03.15.14.00,11,COMPLETE,1
762,16-MAR-22 05.48.26.00,226,COMPLETE,1
763,16-MAR-22 07.33.23.00,169,COMPLETE,1
764,16-MAR-22 12.25.40.00,55,COMPLETE,1
765,16-MAR-22 04.16.55.00,2,COMPLETE,2
766,16-MAR-22 07.18.11.00,3,COMPLETE,1
767,16-MAR-22 08.05.42.00,308,COMPLETE,1
768,16-MAR-22 08.34.38.00,350,COMPLETE,1
769,16-MAR-22 09.29.31.00,6,REFUNDED,1
770,16-MAR-22 10.02.39.00,177,COMPLETE,3
771,16-MAR-22 11.48.19.00,231,COMPLETE,1
772,17-MAR-22 02.23.55.00,301,COMPLETE,1
773,17-MAR-22 04.02.25.00,297,COMPLETE,1
774,17-MAR-22 05.34.49.00,352,COMPLETE,1
775,17-MAR-22 06.38.25.00,381,COMPLETE,4
776,17-MAR-22 06.42.30.00,152,CANCELLED,1
777,17-MAR-22 06.43.38.00,256,COMPLETE,1
778,18-MAR-22 07.34.39.00,308,COMPLETE,1
779,18-MAR-22 01.27.11.00,76,COMPLETE,1
780,19-MAR-22 01.55.15.00,111,COMPLETE,1
781,19-MAR-22 05.25.11.00,99,COMPLETE,1
782,19-MAR-22 12.12.47.00,40,COMPLETE,11
783,19-MAR-22 03.45.17.00,194,COMPLETE,1
784,19-MAR-22 06.47.21.00,39,COMPLETE,1
785,19-MAR-22 10.36.49.00,156,COMPLETE,11
786,20-MAR-22 12.11.58.00,203,COMPLETE,1
787,20-MAR-22 12.56.55.00,294,COMPLETE,1
788,20-MAR-22 01.57.50.00,261,COMPLETE,1
789,20-MAR-22 04.11.20.00,264,COMPLETE,1
790,20-MAR-22 08.46.14.00,178,COMPLETE,4
791,20-MAR-22 10.28.45.00,123,COMPLETE,7
792,20-MAR-22 11.44.21.00,271,COMPLETE,1
793,20-MAR-22 09.19.30.00,189,COMPLETE,1
794,20-MAR-22 10.27.21.00,326,COMPLETE,7
795,21-MAR-22 05.38.25.00,33,COMPLETE,1
796,21-MAR-22 11.33.23.00,124,COMPLETE,1
797,21-MAR-22 08.18.59.00,71,COMPLETE,1
798,22-MAR-22 04.41.25.00,263,COMPLETE,1
799,22-MAR-22 09.58.52.00,332,COMPLETE,1
800,22-MAR-22 12.00.11.00,136,COMPLETE,1
801,22-MAR-22 06.13.42.00,344,COMPLETE,1
802,22-MAR-22 10.35.36.00,381,COMPLETE,1
803,23-MAR-22 08.43.21.00,299,COMPLETE,9
804,23-MAR-22 09.35.09.00,107,COMPLETE,1
805,23-MAR-22 11.08.55.00,182,COMPLETE,1
806,23-MAR-22 11.46.50.00,63,COMPLETE,5
807,24-MAR-22 04.05.16.00,289,COMPLETE,1
808,24-MAR-22 10.46.36.00,14,COMPLETE,1
809,25-MAR-22 05.21.56.00,326,COMPLETE,1
810,25-MAR-22 03.56.49.00,66,COMPLETE,8
811,26-MAR-22 04.48.55.00,37,COMPLETE,8
812,26-MAR-22 07.33.52.00,49,COMPLETE,1
813,26-MAR-22 08.53.36.00,383,COMPLETE,6
814,26-MAR-22 06.42.53.00,169,COMPLETE,1
815,26-MAR-22 08.33.12.00,322,COMPLETE,3
816,26-MAR-22 10.51.46.00,85,COMPLETE,1
817,26-MAR-22 11.45.27.00,120,COMPLETE,1
818,27-MAR-22 12.46.51.00,204,COMPLETE,1
819,27-MAR-22 07.04.07.00,141,COMPLETE,1
820,27-MAR-22 07.41.48.00,102,COMPLETE,1
821,27-MAR-22 09.13.36.00,166,COMPLETE,1
822,27-MAR-22 03.06.48.00,54,COMPLETE,1
823,27-MAR-22 09.25.23.00,100,COMPLETE,1
824,28-MAR-22 03.14.00.00,157,COMPLETE,12
825,28-MAR-22 05.09.24.00,75,COMPLETE,1
826,28-MAR-22 07.54.57.00,28,COMPLETE,1
827,28-MAR-22 11.53.19.00,132,COMPLETE,1
828,29-MAR-22 01.48.03.00,380,COMPLETE,3
829,29-MAR-22 04.42.35.00,357,COMPLETE,1
830,29-MAR-22 05.14.39.00,222,COMPLETE,1
831,29-MAR-22 06.22.24.00,206,COMPLETE,3
832,29-MAR-22 05.56.43.00,3,COMPLETE,3
833,29-MAR-22 09.52.00.00,388,COMPLETE,1
834,30-MAR-22 12.29.48.00,77,COMPLETE,1
835,30-MAR-22 03.29.00.00,88,COMPLETE,1
836,30-MAR-22 11.44.48.00,229,COMPLETE,1
837,30-MAR-22 06.19.41.00,310,COMPLETE,1
838,31-MAR-22 02.15.32.00,213,COMPLETE,10
839,31-MAR-22 08.39.23.00,12,COMPLETE,12
840,31-MAR-22 12.54.51.00,330,COMPLETE,1
841,31-MAR-22 09.12.57.00,63,COMPLETE,5
842,31-MAR-22 10.35.46.00,220,COMPLETE,1
843,01-APR-22 03.16.08.00,363,COMPLETE,1
844,01-APR-22 06.41.42.00,303,COMPLETE,1
845,01-APR-22 02.16.43.00,311,COMPLETE,1
846,01-APR-22 05.25.22.00,350,COMPLETE,2
847,01-APR-22 09.44.41.00,37,COMPLETE,8
848,01-APR-22 10.47.12.00,51,COMPLETE,1
849,02-APR-22 12.13.53.00,34,COMPLETE,1
850,02-APR-22 12.49.46.00,146,COMPLETE,1
851,02-APR-22 01.14.12.00,289,COMPLETE,1
852,02-APR-22 01.44.36.00,327,COMPLETE,1
853,02-APR-22 09.44.00.00,75,COMPLETE,1
854,02-APR-22 10.53.39.00,119,COMPLETE,3
855,03-APR-22 08.27.23.00,268,COMPLETE,1
856,03-APR-22 07.14.47.00,180,CANCELLED,1
857,04-APR-22 03.06.29.00,375,COMPLETE,1
858,04-APR-22 05.20.16.00,40,COMPLETE,1
859,04-APR-22 08.50.39.00,109,COMPLETE,1
860,04-APR-22 12.22.14.00,346,COMPLETE,1
861,04-APR-22 04.19.14.00,335,COMPLETE,1
862,05-APR-22 09.14.23.00,7,COMPLETE,7
863,05-APR-22 01.50.38.00,239,COMPLETE,7
864,05-APR-22 03.24.53.00,153,COMPLETE,8
865,05-APR-22 04.49.39.00,364,COMPLETE,1
866,06-APR-22 03.23.15.00,324,COMPLETE,1
867,06-APR-22 03.41.30.00,99,COMPLETE,1
868,06-APR-22 10.55.54.00,185,COMPLETE,1
869,06-APR-22 11.05.08.00,261,COMPLETE,1
870,06-APR-22 11.14.32.00,97,COMPLETE,1
871,06-APR-22 04.50.34.00,292,COMPLETE,1
872,06-APR-22 05.14.53.00,332,COMPLETE,1
873,07-APR-22 05.33.36.00,182,COMPLETE,8
874,07-APR-22 09.21.16.00,281,COMPLETE,1
875,07-APR-22 10.15.52.00,90,COMPLETE,1
876,07-APR-22 02.32.45.00,349,COMPLETE,1
877,07-APR-22 11.45.49.00,122,COMPLETE,6
878,08-APR-22 12.47.55.00,350,COMPLETE,1
879,08-APR-22 06.00.01.00,77,COMPLETE,1
880,08-APR-22 03.02.07.00,224,COMPLETE,1
881,09-APR-22 12.43.09.00,248,COMPLETE,1
882,09-APR-22 05.48.44.00,265,COMPLETE,4
883,09-APR-22 07.49.06.00,121,COMPLETE,1
884,09-APR-22 10.47.24.00,189,COMPLETE,1
885,09-APR-22 01.27.40.00,171,COMPLETE,1
886,09-APR-22 01.56.47.00,54,COMPLETE,1
887,09-APR-22 11.45.13.00,206,COMPLETE,1
888,10-APR-22 01.08.56.00,228,COMPLETE,1
889,10-APR-22 03.44.05.00,150,COMPLETE,5
890,10-APR-22 01.46.00.00,379,COMPLETE,1
891,12-APR-22 01.14.40.00,61,COMPLETE,1
892,12-APR-22 02.19.26.00,208,COMPLETE,1
893,12-APR-22 07.07.56.00,116,COMPLETE,1
894,12-APR-22 06.08.57.00,317,COMPLETE,1
895,12-APR-22 10.48.39.00,301,COMPLETE,11
896,13-APR-22 12.08.49.00,192,COMPLETE,1
897,13-APR-22 01.31.13.00,203,COMPLETE,1
898,13-APR-22 04.06.14.00,91,COMPLETE,4
899,13-APR-22 04.22.03.00,17,COMPLETE,1
900,13-APR-22 08.34.55.00,98,COMPLETE,11
901,13-APR-22 10.45.28.00,248,COMPLETE,1
902,13-APR-22 11.08.03.00,152,COMPLETE,7
903,13-APR-22 11.42.06.00,224,COMPLETE,1
904,13-APR-22 05.21.27.00,258,COMPLETE,1
905,13-APR-22 11.04.58.00,122,COMPLETE,1
906,14-APR-22 04.04.49.00,370,COMPLETE,1
907,14-APR-22 07.35.40.00,382,COMPLETE,1
908,14-APR-22 03.57.20.00,350,COMPLETE,2
909,14-APR-22 08.15.42.00,157,COMPLETE,12
910,14-APR-22 10.56.34.00,103,COMPLETE,1
911,15-APR-22 11.42.13.00,362,COMPLETE,1
912,15-APR-22 12.06.26.00,165,COMPLETE,1
913,15-APR-22 01.59.55.00,212,COMPLETE,9
914,15-APR-22 05.12.40.00,163,COMPLETE,1
915,15-APR-22 05.42.24.00,43,COMPLETE,14
916,15-APR-22 05.59.45.00,321,COMPLETE,1
917,15-APR-22 06.46.42.00,45,COMPLETE,1
918,16-APR-22 02.02.26.00,118,COMPLETE,1
919,16-APR-22 08.15.57.00,238,COMPLETE,6
920,16-APR-22 12.39.33.00,4,COMPLETE,4
921,16-APR-22 06.33.07.00,134,COMPLETE,1
922,16-APR-22 07.30.23.00,346,COMPLETE,1
923,16-APR-22 07.30.54.00,118,COMPLETE,2
924,16-APR-22 10.53.52.00,355,COMPLETE,1
925,17-APR-22 12.54.24.00,275,COMPLETE,1
926,17-APR-22 03.29.36.00,359,COMPLETE,1
927,17-APR-22 03.40.17.00,146,COMPLETE,1
928,17-APR-22 11.47.59.00,9,COMPLETE,1
929,17-APR-22 11.48.56.00,294,COMPLETE,4
930,17-APR-22 12.16.09.00,190,COMPLETE,1
931,17-APR-22 04.58.01.00,153,COMPLETE,1
932,17-APR-22 06.25.44.00,334,COMPLETE,1
933,17-APR-22 07.09.21.00,299,COMPLETE,1
934,18-APR-22 06.00.19.00,240,COMPLETE,1
935,18-APR-22 12.44.17.00,385,COMPLETE,8
936,19-APR-22 03.59.53.00,124,COMPLETE,8
937,19-APR-22 08.35.27.00,255,COMPLETE,1
938,19-APR-22 06.46.00.00,318,COMPLETE,1
939,19-APR-22 08.24.05.00,257,COMPLETE,1
940,19-APR-22 11.06.12.00,161,COMPLETE,1
941,20-APR-22 12.09.37.00,362,COMPLETE,1
942,20-APR-22 09.22.56.00,214,COMPLETE,11
943,20-APR-22 11.21.56.00,10,COMPLETE,1
944,20-APR-22 03.32.39.00,385,COMPLETE,1
945,20-APR-22 04.02.55.00,274,COMPLETE,1
946,21-APR-22 07.07.14.00,236,COMPLETE,4
947,21-APR-22 12.36.41.00,29,COMPLETE,1
948,21-APR-22 09.56.54.00,175,COMPLETE,1
949,21-APR-22 10.46.12.00,147,COMPLETE,1
950,22-APR-22 01.42.46.00,7,COMPLETE,1
951,22-APR-22 04.08.07.00,237,COMPLETE,5
952,22-APR-22 04.16.26.00,207,COMPLETE,1
953,22-APR-22 03.01.56.00,358,COMPLETE,10
954,22-APR-22 11.52.48.00,118,COMPLETE,1
955,23-APR-22 02.49.52.00,33,COMPLETE,1
956,23-APR-22 10.27.00.00,328,COMPLETE,1
957,23-APR-22 10.36.29.00,384,COMPLETE,1
958,23-APR-22 11.03.22.00,237,COMPLETE,1
959,23-APR-22 11.28.52.00,266,COMPLETE,5
960,23-APR-22 03.58.39.00,11,COMPLETE,1
961,23-APR-22 04.33.55.00,123,COMPLETE,7
962,24-APR-22 02.41.13.00,111,COMPLETE,1
963,24-APR-22 06.58.00.00,156,COMPLETE,11
964,24-APR-22 07.06.57.00,301,REFUNDED,1
965,24-APR-22 11.47.41.00,130,COMPLETE,1
966,24-APR-22 04.12.20.00,244,COMPLETE,1
967,24-APR-22 06.42.25.00,33,COMPLETE,1
968,24-APR-22 07.10.21.00,9,COMPLETE,1
969,24-APR-22 08.56.54.00,95,COMPLETE,8
970,25-APR-22 05.36.47.00,25,COMPLETE,1
971,25-APR-22 12.20.36.00,364,COMPLETE,1
972,25-APR-22 08.52.50.00,6,COMPLETE,6
973,25-APR-22 09.15.56.00,121,COMPLETE,5
974,26-APR-22 12.14.23.00,173,COMPLETE,1
975,26-APR-22 03.53.45.00,391,COMPLETE,1
976,26-APR-22 11.29.15.00,161,COMPLETE,1
977,26-APR-22 06.15.15.00,188,COMPLETE,1
978,27-APR-22 01.25.21.00,369,COMPLETE,1
979,27-APR-22 02.27.00.00,43,COMPLETE,14
980,27-APR-22 06.33.38.00,207,COMPLETE,4
981,27-APR-22 12.59.21.00,27,COMPLETE,1
982,27-APR-22 10.46.25.00,213,COMPLETE,1
983,28-APR-22 08.11.29.00,170,COMPLETE,1
984,28-APR-22 09.50.17.00,180,COMPLETE,6
985,28-APR-22 11.35.09.00,184,COMPLETE,1
986,28-APR-22 01.44.00.00,10,COMPLETE,10
987,29-APR-22 09.34.08.00,201,COMPLETE,1
988,29-APR-22 09.57.26.00,234,COMPLETE,1
989,29-APR-22 10.14.16.00,373,COMPLETE,1
990,29-APR-22 07.06.17.00,179,COMPLETE,5
991,29-APR-22 08.55.19.00,136,COMPLETE,1
992,29-APR-22 11.50.52.00,383,COMPLETE,1
993,30-APR-22 04.56.48.00,8,COMPLETE,1
994,30-APR-22 11.20.36.00,294,COMPLETE,4
995,30-APR-22 02.26.15.00,192,COMPLETE,1
996,30-APR-22 05.35.33.00,202,COMPLETE,1
997,30-APR-22 06.42.57.00,114,COMPLETE,1
998,30-APR-22 07.54.07.00,270,COMPLETE,9
999,01-MAY-22 01.10.38.00,308,COMPLETE,1
1000,01-MAY-22 07.40.09.00,355,REFUNDED,1
1001,01-MAY-22 07.55.35.00,176,COMPLETE,1
1002,01-MAY-22 09.14.39.00,100,COMPLETE,1
1003,01-MAY-22 02.38.08.00,91,COMPLETE,1
1004,01-MAY-22 06.30.49.00,313,COMPLETE,1
1005,01-MAY-22 08.36.33.00,167,COMPLETE,1
1006,02-MAY-22 12.43.23.00,118,COMPLETE,2
1007,02-MAY-22 04.03.54.00,302,COMPLETE,1
1008,02-MAY-22 04.44.37.00,58,COMPLETE,1
1009,02-MAY-22 01.35.21.00,234,COMPLETE,2
1010,02-MAY-22 08.03.48.00,92,COMPLETE,1
1011,02-MAY-22 10.34.40.00,107,COMPLETE,1
1012,03-MAY-22 04.00.44.00,337,COMPLETE,1
1013,03-MAY-22 04.17.32.00,285,COMPLETE,1
1014,03-MAY-22 04.17.50.00,186,COMPLETE,1
1015,03-MAY-22 11.34.46.00,238,COMPLETE,6
1016,03-MAY-22 12.40.39.00,169,COMPLETE,1
1017,03-MAY-22 01.13.53.00,252,COMPLETE,1
1018,03-MAY-22 08.36.29.00,90,COMPLETE,1
1019,03-MAY-22 11.03.43.00,217,REFUNDED,14
1020,04-MAY-22 05.35.15.00,184,COMPLETE,10
1021,04-MAY-22 06.38.34.00,49,COMPLETE,1
1022,04-MAY-22 08.39.18.00,153,COMPLETE,1
1023,04-MAY-22 11.21.00.00,32,COMPLETE,3
1024,04-MAY-22 11.33.02.00,68,COMPLETE,1
1025,05-MAY-22 02.24.16.00,352,COMPLETE,1
1026,05-MAY-22 04.30.05.00,235,COMPLETE,3
1027,05-MAY-22 04.43.58.00,99,REFUNDED,1
1028,05-MAY-22 06.24.31.00,175,COMPLETE,1
1029,05-MAY-22 06.50.17.00,263,COMPLETE,2
1030,05-MAY-22 08.51.00.00,152,COMPLETE,7
1031,05-MAY-22 10.31.07.00,115,COMPLETE,1
1032,05-MAY-22 03.16.39.00,280,COMPLETE,1
1033,05-MAY-22 10.50.56.00,335,COMPLETE,1
1034,06-MAY-22 02.20.48.00,381,COMPLETE,1
1035,06-MAY-22 06.49.28.00,390,COMPLETE,1
1036,06-MAY-22 12.32.42.00,262,COMPLETE,1
1037,07-MAY-22 12.23.55.00,96,COMPLETE,9
1038,07-MAY-22 06.11.54.00,336,COMPLETE,1
1039,07-MAY-22 08.51.06.00,119,COMPLETE,3
1040,07-MAY-22 06.37.34.00,31,COMPLETE,2
1041,07-MAY-22 06.48.17.00,331,COMPLETE,1
1042,07-MAY-22 08.28.41.00,147,COMPLETE,1
1043,07-MAY-22 08.37.32.00,270,COMPLETE,9
1044,08-MAY-22 04.13.31.00,44,COMPLETE,1
1045,08-MAY-22 06.29.29.00,318,COMPLETE,1
1046,08-MAY-22 10.34.52.00,321,COMPLETE,1
1047,08-MAY-22 12.56.17.00,384,COMPLETE,7
1048,08-MAY-22 06.28.40.00,61,COMPLETE,1
1049,08-MAY-22 10.39.33.00,114,COMPLETE,1
1050,09-MAY-22 05.46.27.00,90,COMPLETE,3
1051,09-MAY-22 10.56.42.00,148,COMPLETE,1
1052,09-MAY-22 11.54.35.00,13,COMPLETE,1
1053,09-MAY-22 12.55.39.00,259,COMPLETE,1
1054,09-MAY-22 01.49.09.00,317,COMPLETE,1
1055,09-MAY-22 05.39.10.00,160,COMPLETE,1
1056,09-MAY-22 09.11.34.00,251,COMPLETE,1
1057,10-MAY-22 01.50.07.00,91,COMPLETE,4
1058,10-MAY-22 10.38.13.00,6,COMPLETE,6
1059,10-MAY-22 10.58.11.00,186,COMPLETE,12
1060,11-MAY-22 06.06.58.00,314,COMPLETE,1
1061,11-MAY-22 12.05.54.00,295,COMPLETE,5
1062,11-MAY-22 07.55.20.00,39,COMPLETE,10
1063,11-MAY-22 08.39.38.00,239,COMPLETE,1
1064,11-MAY-22 11.26.01.00,314,COMPLETE,1
1065,12-MAY-22 06.12.22.00,115,COMPLETE,1
1066,12-MAY-22 11.50.59.00,390,COMPLETE,1
1067,13-MAY-22 02.58.23.00,261,COMPLETE,1
1068,13-MAY-22 04.46.44.00,127,COMPLETE,11
1069,13-MAY-22 09.46.41.00,50,COMPLETE,1
1070,13-MAY-22 11.35.03.00,112,COMPLETE,1
1071,13-MAY-22 11.46.45.00,241,COMPLETE,9
1072,13-MAY-22 03.34.06.00,104,COMPLETE,1
1073,13-MAY-22 07.46.22.00,78,COMPLETE,1
1074,14-MAY-22 12.16.19.00,383,COMPLETE,1
1075,14-MAY-22 05.43.14.00,238,CANCELLED,1
1076,14-MAY-22 09.43.40.00,209,COMPLETE,1
1077,14-MAY-22 12.22.02.00,383,COMPLETE,6
1078,14-MAY-22 12.55.03.00,304,COMPLETE,14
1079,14-MAY-22 01.38.03.00,270,COMPLETE,9
1080,14-MAY-22 04.53.15.00,171,COMPLETE,1
1081,14-MAY-22 05.51.58.00,366,COMPLETE,1
1082,15-MAY-22 12.09.36.00,8,COMPLETE,8
1083,15-MAY-22 01.50.08.00,199,COMPLETE,1
1084,15-MAY-22 02.37.02.00,182,COMPLETE,8
1085,15-MAY-22 05.28.23.00,267,COMPLETE,6
1086,15-MAY-22 08.37.22.00,211,COMPLETE,1
1087,15-MAY-22 08.48.45.00,38,COMPLETE,9
1088,15-MAY-22 09.02.25.00,306,COMPLETE,1
1089,16-MAY-22 12.35.55.00,375,COMPLETE,1
1090,16-MAY-22 01.38.10.00,104,COMPLETE,1
1091,16-MAY-22 06.02.31.00,92,COMPLETE,5
1092,16-MAY-22 07.28.57.00,247,COMPLETE,15
1093,16-MAY-22 03.45.55.00,129,COMPLETE,13
1094,17-MAY-22 02.56.08.00,70,COMPLETE,12
1095,17-MAY-22 03.16.03.00,330,COMPLETE,1
1096,17-MAY-22 05.10.58.00,187,COMPLETE,1
1097,17-MAY-22 11.50.52.00,335,COMPLETE,1
1098,17-MAY-22 01.35.49.00,169,COMPLETE,1
1099,17-MAY-22 02.50.09.00,242,COMPLETE,10
1100,17-MAY-22 10.31.18.00,268,COMPLETE,7
1101,18-MAY-22 12.20.26.00,32,COMPLETE,1
1102,18-MAY-22 05.05.35.00,9,COMPLETE,9
1103,18-MAY-22 05.35.11.00,328,COMPLETE,1
1104,18-MAY-22 07.02.02.00,343,COMPLETE,1
1105,18-MAY-22 10.12.09.00,276,COMPLETE,15
1106,19-MAY-22 05.00.39.00,245,COMPLETE,1
1107,19-MAY-22 09.06.59.00,122,COMPLETE,6
1108,19-MAY-22 10.22.44.00,331,COMPLETE,1
1109,19-MAY-22 05.10.37.00,144,COMPLETE,1
1,11-AUG-21 09.04.36.00,3,CANCELLED,1
2,16-AUG-21 04.42.24.00,45,COMPLETE,1
3,17-AUG-21 07.01.21.00,18,COMPLETE,1
4,17-AUG-21 09.27.50.00,45,COMPLETE,1
5,19-AUG-21 01.45.44.00,2,COMPLETE,1
6,21-AUG-21 03.56.02.00,74,COMPLETE,1
7,29-AUG-21 08.41.25.00,9,COMPLETE,1
8,29-AUG-21 10.45.06.00,109,COMPLETE,1
9,30-AUG-21 09.09.40.00,127,COMPLETE,1
10,30-AUG-21 09.46.24.00,106,COMPLETE,1
11,31-AUG-21 09.49.45.00,68,COMPLETE,1
12,31-AUG-21 05.38.30.00,127,COMPLETE,1
13,31-AUG-21 07.28.57.00,99,COMPLETE,1
14,01-SEP-21 01.34.16.00,101,COMPLETE,1
15,03-SEP-21 01.27.31.00,119,COMPLETE,1
16,03-SEP-21 07.27.08.00,119,COMPLETE,1
17,03-SEP-21 03.32.00.00,16,COMPLETE,1
18,05-SEP-21 02.27.08.00,39,COMPLETE,1
19,05-SEP-21 01.53.40.00,49,COMPLETE,1
20,05-SEP-21 05.51.46.00,3,COMPLETE,3
21,06-SEP-21 02.22.41.00,144,COMPLETE,1
22,06-SEP-21 06.39.43.00,80,COMPLETE,1
23,06-SEP-21 07.36.42.00,67,COMPLETE,1
24,06-SEP-21 11.37.33.00,81,COMPLETE,1
25,07-SEP-21 02.24.02.00,42,COMPLETE,1
26,07-SEP-21 05.15.13.00,126,COMPLETE,1
27,08-SEP-21 12.12.48.00,148,COMPLETE,1
28,09-SEP-21 08.17.47.00,139,COMPLETE,1
29,10-SEP-21 06.47.24.00,55,COMPLETE,1
30,11-SEP-21 01.38.13.00,206,COMPLETE,1
31,11-SEP-21 05.56.25.00,122,COMPLETE,1
32,12-SEP-21 03.39.19.00,32,COMPLETE,3
33,12-SEP-21 09.04.24.00,65,COMPLETE,1
34,13-SEP-21 08.00.43.00,71,COMPLETE,1
35,13-SEP-21 09.09.49.00,31,COMPLETE,1
36,14-SEP-21 10.36.05.00,217,COMPLETE,1
37,15-SEP-21 05.21.37.00,116,COMPLETE,1
38,15-SEP-21 11.07.47.00,131,COMPLETE,1
39,16-SEP-21 08.38.08.00,193,COMPLETE,1
40,16-SEP-21 02.58.27.00,194,COMPLETE,1
41,16-SEP-21 09.11.36.00,115,COMPLETE,1
42,17-SEP-21 12.41.30.00,184,COMPLETE,1
43,17-SEP-21 07.32.10.00,121,COMPLETE,1
44,17-SEP-21 01.13.02.00,162,COMPLETE,1
45,17-SEP-21 10.35.38.00,81,COMPLETE,1
46,18-SEP-21 08.10.45.00,73,COMPLETE,1
47,18-SEP-21 05.43.23.00,115,COMPLETE,1
48,18-SEP-21 10.38.30.00,71,COMPLETE,1
49,18-SEP-21 11.43.18.00,121,COMPLETE,1
50,19-SEP-21 03.48.49.00,135,COMPLETE,1
51,19-SEP-21 04.24.18.00,65,COMPLETE,1
52,19-SEP-21 09.19.44.00,229,COMPLETE,1
53,20-SEP-21 09.05.36.00,224,COMPLETE,1
54,21-SEP-21 01.05.47.00,227,COMPLETE,1
55,21-SEP-21 01.45.30.00,62,COMPLETE,1
56,21-SEP-21 05.21.51.00,84,COMPLETE,1
57,22-SEP-21 10.46.35.00,168,COMPLETE,1
58,22-SEP-21 11.52.06.00,61,COMPLETE,1
59,23-SEP-21 07.58.32.00,244,COMPLETE,1
60,24-SEP-21 07.51.27.00,23,COMPLETE,1
61,25-SEP-21 12.58.24.00,162,COMPLETE,1
62,26-SEP-21 07.52.33.00,200,COMPLETE,1
63,26-SEP-21 02.01.38.00,3,COMPLETE,1
64,26-SEP-21 02.32.36.00,219,COMPLETE,1
65,27-SEP-21 01.22.18.00,161,COMPLETE,1
66,27-SEP-21 01.35.07.00,60,COMPLETE,1
67,27-SEP-21 12.54.42.00,187,COMPLETE,1
68,27-SEP-21 02.07.33.00,86,COMPLETE,1
69,28-SEP-21 09.45.14.00,155,COMPLETE,1
70,28-SEP-21 06.22.16.00,96,COMPLETE,1
71,29-SEP-21 09.24.43.00,247,COMPLETE,1
72,01-OCT-21 04.56.33.00,80,COMPLETE,1
73,01-OCT-21 12.40.15.00,258,COMPLETE,1
74,01-OCT-21 03.32.24.00,235,COMPLETE,1
75,01-OCT-21 04.38.45.00,146,COMPLETE,1
76,02-OCT-21 03.47.03.00,249,COMPLETE,1
77,02-OCT-21 04.38.12.00,294,COMPLETE,1
78,02-OCT-21 05.40.14.00,20,COMPLETE,1
79,03-OCT-21 11.19.16.00,14,COMPLETE,1
80,03-OCT-21 01.28.35.00,44,COMPLETE,1
81,03-OCT-21 01.30.58.00,195,COMPLETE,1
82,04-OCT-21 08.04.08.00,13,COMPLETE,1
83,04-OCT-21 09.03.48.00,115,COMPLETE,1
84,04-OCT-21 03.28.35.00,67,COMPLETE,1
85,04-OCT-21 10.59.12.00,31,COMPLETE,1
86,05-OCT-21 03.18.29.00,151,COMPLETE,1
87,05-OCT-21 04.08.22.00,55,COMPLETE,1
88,05-OCT-21 04.48.28.00,295,CANCELLED,1
89,05-OCT-21 07.58.28.00,303,COMPLETE,1
90,05-OCT-21 09.50.27.00,175,COMPLETE,1
91,06-OCT-21 01.32.06.00,219,COMPLETE,1
92,06-OCT-21 04.05.06.00,17,COMPLETE,1
93,07-OCT-21 04.55.56.00,172,COMPLETE,1
94,07-OCT-21 12.11.00.00,259,COMPLETE,1
95,07-OCT-21 05.56.02.00,322,COMPLETE,1
96,08-OCT-21 12.49.37.00,271,COMPLETE,1
97,08-OCT-21 07.57.00.00,126,COMPLETE,1
98,08-OCT-21 05.55.35.00,226,COMPLETE,1
99,08-OCT-21 06.21.35.00,135,COMPLETE,1
100,08-OCT-21 10.23.59.00,338,COMPLETE,1
101,09-OCT-21 06.46.33.00,225,COMPLETE,1
102,09-OCT-21 10.21.38.00,94,COMPLETE,1
103,09-OCT-21 11.57.58.00,62,COMPLETE,1
104,10-OCT-21 03.23.42.00,319,COMPLETE,1
105,10-OCT-21 08.26.56.00,259,COMPLETE,1
106,10-OCT-21 07.28.11.00,259,COMPLETE,1
107,11-OCT-21 11.43.47.00,341,COMPLETE,1
108,12-OCT-21 11.20.27.00,91,CANCELLED,1
109,12-OCT-21 08.46.26.00,149,COMPLETE,1
110,12-OCT-21 10.46.04.00,206,COMPLETE,1
111,12-OCT-21 10.52.13.00,373,COMPLETE,1
112,13-OCT-21 06.59.55.00,335,COMPLETE,1
113,14-OCT-21 02.25.07.00,323,COMPLETE,4
114,14-OCT-21 10.27.43.00,314,COMPLETE,1
115,14-OCT-21 10.34.23.00,176,COMPLETE,1
116,14-OCT-21 11.36.24.00,322,CANCELLED,1
117,14-OCT-21 11.44.18.00,274,COMPLETE,1
118,15-OCT-21 05.34.21.00,278,COMPLETE,1
119,15-OCT-21 06.03.54.00,76,COMPLETE,1
120,15-OCT-21 09.37.10.00,327,COMPLETE,1
121,15-OCT-21 12.53.38.00,273,COMPLETE,1
122,15-OCT-21 03.22.20.00,202,COMPLETE,1
123,15-OCT-21 03.49.15.00,106,COMPLETE,1
124,15-OCT-21 04.06.05.00,219,COMPLETE,1
125,15-OCT-21 08.25.53.00,12,COMPLETE,1
126,15-OCT-21 09.28.02.00,204,COMPLETE,1
127,16-OCT-21 08.44.34.00,216,COMPLETE,1
128,16-OCT-21 01.00.44.00,115,COMPLETE,1
129,16-OCT-21 09.18.03.00,343,COMPLETE,1
130,17-OCT-21 12.46.50.00,116,COMPLETE,1
131,17-OCT-21 04.51.54.00,206,COMPLETE,1
132,17-OCT-21 08.59.11.00,17,COMPLETE,1
133,17-OCT-21 09.07.48.00,345,COMPLETE,1
134,18-OCT-21 12.11.01.00,289,COMPLETE,1
135,18-OCT-21 11.28.29.00,374,COMPLETE,1
136,18-OCT-21 01.55.40.00,276,COMPLETE,1
137,18-OCT-21 06.01.05.00,63,COMPLETE,1
138,18-OCT-21 11.35.39.00,301,COMPLETE,1
139,19-OCT-21 04.28.53.00,254,COMPLETE,1
140,19-OCT-21 11.26.04.00,162,COMPLETE,1
141,20-OCT-21 01.27.49.00,123,COMPLETE,1
142,21-OCT-21 04.11.40.00,135,COMPLETE,1
143,21-OCT-21 05.32.13.00,348,COMPLETE,1
144,21-OCT-21 10.44.23.00,124,COMPLETE,1
145,22-OCT-21 07.04.15.00,254,COMPLETE,1
146,22-OCT-21 01.09.02.00,270,COMPLETE,1
147,22-OCT-21 11.03.11.00,246,COMPLETE,1
148,23-OCT-21 01.48.36.00,100,COMPLETE,1
149,23-OCT-21 05.09.08.00,189,COMPLETE,1
150,23-OCT-21 11.39.44.00,229,COMPLETE,1
151,23-OCT-21 01.49.10.00,274,COMPLETE,1
152,24-OCT-21 06.59.26.00,300,COMPLETE,1
153,24-OCT-21 01.35.05.00,387,COMPLETE,1
154,24-OCT-21 02.31.28.00,160,COMPLETE,1
155,25-OCT-21 09.37.01.00,90,COMPLETE,1
156,25-OCT-21 12.53.11.00,326,CANCELLED,1
157,25-OCT-21 03.21.38.00,245,COMPLETE,1
158,25-OCT-21 04.59.32.00,387,COMPLETE,1
159,25-OCT-21 08.36.11.00,1,COMPLETE,1
160,26-OCT-21 01.37.38.00,175,COMPLETE,1
161,26-OCT-21 03.31.58.00,337,COMPLETE,1
162,27-OCT-21 06.19.06.00,392,COMPLETE,1
163,27-OCT-21 06.22.31.00,156,COMPLETE,1
164,27-OCT-21 07.17.04.00,241,COMPLETE,1
165,27-OCT-21 08.22.42.00,69,COMPLETE,1
166,27-OCT-21 08.48.45.00,314,COMPLETE,1
167,27-OCT-21 10.47.45.00,117,COMPLETE,1
168,28-OCT-21 07.55.11.00,180,COMPLETE,1
169,28-OCT-21 08.03.56.00,337,COMPLETE,1
170,28-OCT-21 09.30.11.00,182,COMPLETE,1
171,29-OCT-21 03.04.11.00,273,COMPLETE,1
172,29-OCT-21 03.38.57.00,70,COMPLETE,1
173,29-OCT-21 08.10.51.00,212,COMPLETE,1
174,29-OCT-21 09.33.02.00,228,COMPLETE,1
175,29-OCT-21 08.55.41.00,172,COMPLETE,1
176,30-OCT-21 08.13.51.00,154,CANCELLED,1
177,30-OCT-21 04.25.24.00,179,COMPLETE,1
178,30-OCT-21 08.34.26.00,220,COMPLETE,1
179,31-OCT-21 01.26.26.00,266,COMPLETE,1
180,31-OCT-21 04.05.59.00,253,COMPLETE,1
181,31-OCT-21 09.49.15.00,300,COMPLETE,1
182,31-OCT-21 11.40.16.00,1,COMPLETE,1
183,31-OCT-21 11.45.26.00,334,COMPLETE,1
184,31-OCT-21 12.57.29.00,22,COMPLETE,1
185,01-NOV-21 03.05.42.00,271,COMPLETE,1
186,01-NOV-21 04.41.19.00,32,COMPLETE,1
187,01-NOV-21 07.14.37.00,93,COMPLETE,1
188,01-NOV-21 08.17.04.00,62,COMPLETE,1
189,01-NOV-21 08.28.42.00,321,COMPLETE,1
190,01-NOV-21 01.15.40.00,315,COMPLETE,1
191,01-NOV-21 07.39.35.00,314,COMPLETE,1
192,02-NOV-21 04.24.09.00,286,COMPLETE,1
193,02-NOV-21 01.59.16.00,111,COMPLETE,1
194,02-NOV-21 02.17.50.00,182,COMPLETE,1
195,02-NOV-21 11.19.44.00,135,COMPLETE,1
196,03-NOV-21 12.38.02.00,8,COMPLETE,1
197,03-NOV-21 05.08.18.00,29,COMPLETE,1
198,03-NOV-21 06.08.10.00,319,COMPLETE,1
199,03-NOV-21 07.19.14.00,29,COMPLETE,1
200,03-NOV-21 12.10.24.00,24,COMPLETE,1
201,03-NOV-21 07.32.15.00,1,COMPLETE,1
202,04-NOV-21 03.57.44.00,345,COMPLETE,1
203,04-NOV-21 07.23.40.00,117,COMPLETE,1
204,04-NOV-21 07.23.29.00,6,COMPLETE,1
205,05-NOV-21 12.54.11.00,173,COMPLETE,1
206,05-NOV-21 09.35.10.00,221,COMPLETE,1
207,05-NOV-21 04.57.58.00,121,COMPLETE,1
208,05-NOV-21 05.10.08.00,326,COMPLETE,1
209,05-NOV-21 07.49.37.00,302,COMPLETE,1
210,06-NOV-21 12.41.17.00,34,CANCELLED,5
211,06-NOV-21 01.09.51.00,350,COMPLETE,1
212,06-NOV-21 04.34.37.00,381,COMPLETE,1
213,06-NOV-21 07.18.52.00,301,COMPLETE,1
214,06-NOV-21 09.01.47.00,334,COMPLETE,1
215,07-NOV-21 04.31.51.00,98,COMPLETE,1
216,07-NOV-21 10.58.05.00,58,COMPLETE,1
217,07-NOV-21 12.56.08.00,315,COMPLETE,1
218,08-NOV-21 01.55.55.00,183,COMPLETE,1
219,08-NOV-21 02.23.32.00,238,COMPLETE,1
220,08-NOV-21 02.37.53.00,240,COMPLETE,1
221,08-NOV-21 07.47.49.00,193,COMPLETE,1
222,08-NOV-21 09.12.54.00,356,COMPLETE,1
223,09-NOV-21 01.58.53.00,166,COMPLETE,1
224,09-NOV-21 02.45.48.00,105,COMPLETE,1
225,09-NOV-21 09.23.53.00,184,COMPLETE,1
226,09-NOV-21 10.39.22.00,37,COMPLETE,1
227,09-NOV-21 12.15.58.00,27,COMPLETE,1
228,09-NOV-21 03.18.15.00,154,COMPLETE,1
229,09-NOV-21 04.55.56.00,117,COMPLETE,1
230,10-NOV-21 08.57.34.00,62,COMPLETE,1
231,10-NOV-21 04.27.06.00,261,COMPLETE,1
232,10-NOV-21 08.28.03.00,142,COMPLETE,1
233,10-NOV-21 09.01.55.00,63,COMPLETE,1
234,10-NOV-21 09.44.14.00,245,COMPLETE,1
235,11-NOV-21 12.38.11.00,303,COMPLETE,1
236,11-NOV-21 07.22.30.00,94,COMPLETE,1
237,11-NOV-21 08.13.38.00,51,COMPLETE,1
238,12-NOV-21 02.13.15.00,252,COMPLETE,1
239,12-NOV-21 06.46.52.00,58,COMPLETE,1
240,12-NOV-21 08.11.23.00,8,COMPLETE,1
241,12-NOV-21 08.03.51.00,167,COMPLETE,1
242,13-NOV-21 11.25.42.00,77,COMPLETE,1
243,13-NOV-21 02.39.31.00,332,COMPLETE,1
244,13-NOV-21 08.57.25.00,95,COMPLETE,1
245,14-NOV-21 03.37.26.00,365,COMPLETE,1
246,15-NOV-21 01.19.42.00,188,COMPLETE,1
247,15-NOV-21 05.55.52.00,384,COMPLETE,1
248,15-NOV-21 05.46.42.00,145,COMPLETE,1
249,15-NOV-21 09.53.23.00,387,COMPLETE,1
250,16-NOV-21 12.54.57.00,266,COMPLETE,1
251,16-NOV-21 12.20.54.00,158,COMPLETE,1
252,16-NOV-21 09.39.43.00,320,COMPLETE,1
253,16-NOV-21 10.09.54.00,142,COMPLETE,1
254,17-NOV-21 03.05.36.00,60,COMPLETE,2
255,17-NOV-21 03.55.33.00,299,COMPLETE,1
256,17-NOV-21 06.40.26.00,386,COMPLETE,1
257,17-NOV-21 09.24.14.00,135,COMPLETE,1
258,18-NOV-21 03.08.36.00,162,COMPLETE,1
259,18-NOV-21 05.09.26.00,272,COMPLETE,1
260,18-NOV-21 11.42.06.00,24,COMPLETE,1
261,19-NOV-21 09.39.17.00,305,COMPLETE,1
262,19-NOV-21 03.22.48.00,149,COMPLETE,4
263,19-NOV-21 05.00.15.00,101,COMPLETE,1
264,20-NOV-21 05.05.43.00,284,COMPLETE,1
265,20-NOV-21 07.05.01.00,344,COMPLETE,1
266,20-NOV-21 03.25.59.00,205,COMPLETE,2
267,21-NOV-21 12.44.19.00,315,COMPLETE,1
268,21-NOV-21 07.54.34.00,159,COMPLETE,1
269,22-NOV-21 03.14.15.00,321,REFUNDED,2
270,22-NOV-21 05.17.39.00,25,COMPLETE,1
271,22-NOV-21 06.29.38.00,104,COMPLETE,1
272,23-NOV-21 02.10.52.00,289,COMPLETE,1
273,23-NOV-21 06.33.37.00,293,COMPLETE,3
274,23-NOV-21 12.54.49.00,38,COMPLETE,1
275,24-NOV-21 03.24.53.00,347,COMPLETE,1
276,25-NOV-21 03.52.37.00,303,COMPLETE,1
277,25-NOV-21 08.13.47.00,391,COMPLETE,1
278,25-NOV-21 03.25.12.00,182,COMPLETE,1
279,25-NOV-21 08.12.57.00,161,COMPLETE,1
280,25-NOV-21 10.01.39.00,151,COMPLETE,1
281,25-NOV-21 11.14.36.00,219,COMPLETE,1
282,26-NOV-21 06.37.05.00,280,COMPLETE,1
283,26-NOV-21 02.32.02.00,355,COMPLETE,1
284,26-NOV-21 07.21.44.00,141,COMPLETE,1
285,26-NOV-21 09.08.13.00,102,COMPLETE,1
286,26-NOV-21 10.13.30.00,26,COMPLETE,1
287,27-NOV-21 06.36.52.00,225,COMPLETE,1
288,27-NOV-21 01.38.35.00,127,COMPLETE,1
289,27-NOV-21 07.19.19.00,261,COMPLETE,1
290,27-NOV-21 08.53.02.00,15,COMPLETE,1
291,28-NOV-21 12.52.30.00,108,COMPLETE,1
292,28-NOV-21 08.52.38.00,71,COMPLETE,1
293,28-NOV-21 10.47.24.00,32,COMPLETE,1
294,28-NOV-21 11.50.59.00,202,COMPLETE,1
295,28-NOV-21 01.01.04.00,372,COMPLETE,1
296,28-NOV-21 02.24.14.00,343,COMPLETE,1
297,29-NOV-21 04.10.41.00,352,COMPLETE,1
298,29-NOV-21 04.14.23.00,3,COMPLETE,1
299,29-NOV-21 05.00.24.00,385,COMPLETE,1
300,29-NOV-21 07.41.25.00,80,COMPLETE,1
301,30-NOV-21 07.28.18.00,389,COMPLETE,1
302,30-NOV-21 10.59.36.00,221,COMPLETE,1
303,30-NOV-21 02.35.28.00,365,COMPLETE,1
304,30-NOV-21 08.41.29.00,266,CANCELLED,1
305,01-DEC-21 09.35.25.00,53,COMPLETE,1
306,01-DEC-21 11.04.39.00,5,COMPLETE,5
307,01-DEC-21 12.11.42.00,3,COMPLETE,1
308,02-DEC-21 04.24.12.00,333,COMPLETE,1
309,02-DEC-21 07.12.50.00,67,COMPLETE,1
310,02-DEC-21 08.51.01.00,120,COMPLETE,1
311,02-DEC-21 01.15.42.00,311,COMPLETE,1
312,02-DEC-21 03.40.13.00,277,COMPLETE,1
313,04-DEC-21 05.49.11.00,59,COMPLETE,1
314,05-DEC-21 12.34.10.00,361,COMPLETE,1
315,05-DEC-21 02.55.02.00,361,COMPLETE,1
316,06-DEC-21 02.50.28.00,205,COMPLETE,1
317,06-DEC-21 03.45.35.00,89,COMPLETE,1
318,06-DEC-21 08.03.05.00,279,COMPLETE,1
319,06-DEC-21 11.38.21.00,66,COMPLETE,1
320,06-DEC-21 03.56.14.00,178,COMPLETE,4
321,06-DEC-21 10.43.08.00,283,COMPLETE,1
322,07-DEC-21 12.17.42.00,227,COMPLETE,1
323,07-DEC-21 06.07.19.00,268,COMPLETE,1
324,07-DEC-21 10.37.22.00,61,COMPLETE,1
325,07-DEC-21 11.10.53.00,183,COMPLETE,1
326,07-DEC-21 10.42.01.00,139,COMPLETE,1
327,07-DEC-21 11.50.08.00,392,COMPLETE,1
328,08-DEC-21 06.02.22.00,287,COMPLETE,1
329,08-DEC-21 08.33.33.00,36,COMPLETE,1
330,08-DEC-21 07.20.39.00,327,COMPLETE,1
331,08-DEC-21 09.09.20.00,5,COMPLETE,1
332,08-DEC-21 11.49.00.00,351,COMPLETE,1
333,09-DEC-21 08.51.59.00,87,COMPLETE,1
334,09-DEC-21 09.51.59.00,242,COMPLETE,1
335,09-DEC-21 10.27.41.00,148,COMPLETE,1
336,10-DEC-21 03.22.49.00,241,COMPLETE,1
337,10-DEC-21 08.37.09.00,347,COMPLETE,1
338,10-DEC-21 11.29.03.00,178,COMPLETE,1
339,10-DEC-21 12.50.27.00,257,COMPLETE,1
340,11-DEC-21 10.01.17.00,379,CANCELLED,1
341,11-DEC-21 08.00.39.00,35,COMPLETE,1
342,11-DEC-21 11.22.54.00,257,COMPLETE,1
343,12-DEC-21 12.22.47.00,277,COMPLETE,1
344,12-DEC-21 03.25.41.00,193,COMPLETE,1
345,12-DEC-21 05.55.18.00,311,COMPLETE,1
346,13-DEC-21 12.01.26.00,354,COMPLETE,1
347,13-DEC-21 09.18.51.00,41,COMPLETE,1
348,13-DEC-21 10.39.19.00,58,COMPLETE,1
349,14-DEC-21 03.04.26.00,14,COMPLETE,1
350,14-DEC-21 03.07.13.00,322,COMPLETE,3
351,15-DEC-21 03.04.04.00,28,COMPLETE,1
352,15-DEC-21 10.34.10.00,309,COMPLETE,1
353,15-DEC-21 07.40.13.00,102,COMPLETE,1
354,16-DEC-21 06.16.50.00,77,COMPLETE,1
355,16-DEC-21 06.35.49.00,48,COMPLETE,1
356,17-DEC-21 02.44.44.00,181,COMPLETE,1
357,17-DEC-21 03.11.42.00,147,COMPLETE,1
358,17-DEC-21 04.42.50.00,223,COMPLETE,1
359,17-DEC-21 06.51.19.00,203,COMPLETE,1
360,18-DEC-21 05.05.46.00,367,COMPLETE,1
361,18-DEC-21 06.33.02.00,49,COMPLETE,1
362,19-DEC-21 12.31.19.00,323,COMPLETE,1
363,19-DEC-21 12.54.45.00,181,COMPLETE,7
364,19-DEC-21 01.12.49.00,31,COMPLETE,1
365,19-DEC-21 01.54.39.00,350,COMPLETE,1
366,19-DEC-21 01.40.57.00,40,COMPLETE,1
367,19-DEC-21 10.37.39.00,166,COMPLETE,1
368,20-DEC-21 02.06.58.00,45,COMPLETE,1
369,20-DEC-21 04.21.44.00,392,COMPLETE,1
370,20-DEC-21 04.31.09.00,31,COMPLETE,2
371,20-DEC-21 12.06.03.00,361,COMPLETE,1
372,21-DEC-21 02.32.02.00,36,COMPLETE,7
373,21-DEC-21 04.33.51.00,360,COMPLETE,1
374,21-DEC-21 05.24.21.00,291,COMPLETE,1
375,21-DEC-21 12.21.29.00,341,COMPLETE,1
376,21-DEC-21 01.36.10.00,116,COMPLETE,1
377,21-DEC-21 11.07.00.00,169,COMPLETE,1
378,22-DEC-21 04.39.06.00,324,COMPLETE,1
379,22-DEC-21 05.13.13.00,78,COMPLETE,1
380,22-DEC-21 08.55.01.00,142,COMPLETE,1
381,23-DEC-21 02.00.02.00,204,COMPLETE,1
382,23-DEC-21 02.56.09.00,150,COMPLETE,1
383,23-DEC-21 09.49.37.00,368,COMPLETE,1
384,23-DEC-21 01.52.06.00,149,COMPLETE,1
385,23-DEC-21 07.17.17.00,271,COMPLETE,1
386,23-DEC-21 07.58.53.00,239,COMPLETE,1
387,24-DEC-21 08.34.41.00,234,COMPLETE,1
388,24-DEC-21 08.39.27.00,216,COMPLETE,1
389,24-DEC-21 08.28.46.00,238,COMPLETE,6
390,24-DEC-21 09.37.34.00,375,COMPLETE,1
391,25-DEC-21 01.07.27.00,379,COMPLETE,2
392,25-DEC-21 06.13.42.00,191,COMPLETE,1
393,25-DEC-21 12.15.46.00,125,COMPLETE,1
394,25-DEC-21 12.19.21.00,341,COMPLETE,1
395,25-DEC-21 02.28.24.00,152,COMPLETE,1
396,25-DEC-21 08.37.34.00,186,COMPLETE,1
397,25-DEC-21 10.01.37.00,371,COMPLETE,1
398,26-DEC-21 03.01.48.00,62,COMPLETE,1
399,26-DEC-21 08.17.23.00,178,COMPLETE,1
400,26-DEC-21 11.29.30.00,340,COMPLETE,1
401,26-DEC-21 05.36.00.00,16,COMPLETE,1
402,26-DEC-21 06.19.20.00,141,COMPLETE,1
403,26-DEC-21 11.27.00.00,374,COMPLETE,1
404,26-DEC-21 11.45.53.00,392,COMPLETE,1
405,27-DEC-21 04.38.00.00,292,COMPLETE,2
406,27-DEC-21 04.43.35.00,257,COMPLETE,1
407,27-DEC-21 08.26.18.00,31,COMPLETE,1
408,27-DEC-21 09.16.04.00,266,COMPLETE,1
409,27-DEC-21 10.21.54.00,100,COMPLETE,1
410,28-DEC-21 06.40.02.00,228,COMPLETE,1
411,28-DEC-21 07.16.30.00,292,COMPLETE,1
412,28-DEC-21 09.38.20.00,63,COMPLETE,1
413,28-DEC-21 01.17.33.00,149,COMPLETE,1
414,28-DEC-21 05.11.13.00,207,COMPLETE,4
415,29-DEC-21 05.53.20.00,115,COMPLETE,1
416,29-DEC-21 09.57.47.00,173,COMPLETE,1
417,30-DEC-21 05.40.09.00,297,COMPLETE,1
418,30-DEC-21 05.43.38.00,111,COMPLETE,1
419,30-DEC-21 09.13.12.00,364,COMPLETE,1
420,30-DEC-21 11.21.32.00,122,COMPLETE,1
421,30-DEC-21 02.16.20.00,364,COMPLETE,1
422,30-DEC-21 04.16.28.00,325,COMPLETE,1
423,30-DEC-21 08.51.09.00,226,COMPLETE,1
424,31-DEC-21 11.21.13.00,33,COMPLETE,1
425,31-DEC-21 02.02.45.00,186,REFUNDED,1
426,31-DEC-21 02.28.37.00,131,COMPLETE,1
427,31-DEC-21 08.11.54.00,196,COMPLETE,1
428,31-DEC-21 11.11.22.00,241,CANCELLED,1
429,01-JAN-22 12.13.13.00,296,COMPLETE,6
430,01-JAN-22 03.36.05.00,8,COMPLETE,1
431,01-JAN-22 08.55.46.00,208,COMPLETE,5
432,01-JAN-22 05.06.49.00,114,COMPLETE,1
433,01-JAN-22 06.11.11.00,392,COMPLETE,1
434,01-JAN-22 08.30.20.00,145,COMPLETE,1
435,01-JAN-22 09.13.02.00,24,COMPLETE,1
436,01-JAN-22 10.07.45.00,250,COMPLETE,1
437,02-JAN-22 01.21.48.00,10,COMPLETE,1
438,03-JAN-22 05.20.39.00,311,COMPLETE,1
439,04-JAN-22 01.55.29.00,120,CANCELLED,1
440,04-JAN-22 07.33.08.00,386,COMPLETE,1
441,04-JAN-22 07.35.42.00,292,COMPLETE,2
442,04-JAN-22 07.38.34.00,382,COMPLETE,1
443,05-JAN-22 01.53.54.00,352,COMPLETE,1
444,05-JAN-22 08.05.41.00,380,COMPLETE,3
445,06-JAN-22 02.40.04.00,210,COMPLETE,7
446,06-JAN-22 05.36.02.00,212,COMPLETE,1
1110,20-MAY-22 01.58.17.00,383,CANCELLED,1
1111,20-MAY-22 07.22.20.00,6,COMPLETE,1
1112,20-MAY-22 12.07.18.00,66,COMPLETE,8
1113,20-MAY-22 01.58.21.00,253,COMPLETE,1
1114,20-MAY-22 03.48.14.00,229,COMPLETE,1
1115,21-MAY-22 01.31.53.00,146,COMPLETE,1
1116,22-MAY-22 01.49.00.00,285,COMPLETE,1
1117,22-MAY-22 09.33.45.00,128,COMPLETE,12
1118,22-MAY-22 02.03.18.00,105,COMPLETE,1
1119,22-MAY-22 04.15.54.00,14,COMPLETE,14
1120,22-MAY-22 04.40.39.00,152,COMPLETE,1
1121,22-MAY-22 06.05.17.00,7,COMPLETE,1
1122,22-MAY-22 07.56.50.00,190,COMPLETE,1
1123,22-MAY-22 10.24.48.00,30,COMPLETE,1
1124,23-MAY-22 04.35.43.00,196,COMPLETE,1
1125,23-MAY-22 04.28.34.00,313,COMPLETE,1
1126,23-MAY-22 06.33.50.00,39,COMPLETE,10
1127,23-MAY-22 07.35.38.00,133,COMPLETE,1
1128,24-MAY-22 05.19.21.00,381,COMPLETE,4
1129,24-MAY-22 10.32.45.00,68,COMPLETE,10
1130,24-MAY-22 11.57.27.00,247,COMPLETE,15
1131,24-MAY-22 06.24.20.00,43,COMPLETE,1
1132,25-MAY-22 01.18.27.00,177,COMPLETE,1
1133,25-MAY-22 03.53.21.00,299,COMPLETE,9
1134,25-MAY-22 03.31.07.00,21,COMPLETE,1
1135,25-MAY-22 06.09.41.00,142,COMPLETE,1
1136,25-MAY-22 10.26.54.00,356,COMPLETE,8
1137,25-MAY-22 10.58.11.00,219,COMPLETE,1
1138,26-MAY-22 02.03.44.00,55,COMPLETE,1
1139,26-MAY-22 04.00.26.00,66,COMPLETE,8
1140,26-MAY-22 04.57.16.00,327,COMPLETE,1
1141,26-MAY-22 06.43.39.00,135,COMPLETE,1
1142,26-MAY-22 09.45.00.00,234,COMPLETE,1
1143,26-MAY-22 10.35.05.00,52,COMPLETE,1
1144,26-MAY-22 10.57.55.00,95,COMPLETE,1
1145,26-MAY-22 05.48.54.00,73,COMPLETE,1
1146,26-MAY-22 08.30.07.00,188,COMPLETE,1
1147,26-MAY-22 09.09.22.00,214,COMPLETE,11
1148,27-MAY-22 07.17.41.00,326,COMPLETE,7
1149,27-MAY-22 10.38.50.00,203,COMPLETE,1
1150,27-MAY-22 01.13.18.00,381,COMPLETE,4
1151,28-MAY-22 02.53.08.00,172,COMPLETE,1
1152,28-MAY-22 02.54.57.00,275,COMPLETE,14
1153,28-MAY-22 07.13.34.00,249,COMPLETE,1
1154,28-MAY-22 08.06.03.00,153,COMPLETE,8
1155,28-MAY-22 11.09.00.00,272,CANCELLED,11
1156,28-MAY-22 08.45.55.00,75,COMPLETE,1
1157,29-MAY-22 04.56.04.00,128,COMPLETE,12
1158,29-MAY-22 06.56.36.00,126,COMPLETE,10
1159,29-MAY-22 07.37.18.00,295,COMPLETE,1
1160,29-MAY-22 10.36.06.00,370,COMPLETE,1
1161,29-MAY-22 01.24.02.00,100,COMPLETE,1
1162,30-MAY-22 06.53.16.00,208,COMPLETE,5
1163,30-MAY-22 09.59.56.00,188,COMPLETE,14
1164,30-MAY-22 12.48.42.00,187,COMPLETE,13
1165,31-MAY-22 05.17.34.00,92,COMPLETE,1
1166,31-MAY-22 06.04.04.00,56,COMPLETE,1
1167,31-MAY-22 01.31.38.00,218,COMPLETE,15
1168,31-MAY-22 03.06.22.00,241,COMPLETE,1
1169,31-MAY-22 10.56.09.00,14,COMPLETE,1
1170,01-JUN-22 08.19.08.00,229,COMPLETE,1
1171,01-JUN-22 09.18.42.00,351,COMPLETE,3
1172,02-JUN-22 12.14.05.00,367,COMPLETE,1
1173,02-JUN-22 12.51.49.00,154,COMPLETE,9
1174,02-JUN-22 08.56.16.00,287,COMPLETE,1
1175,03-JUN-22 03.18.56.00,161,COMPLETE,1
1176,03-JUN-22 10.51.08.00,154,COMPLETE,1
1177,03-JUN-22 01.45.33.00,213,COMPLETE,10
1178,03-JUN-22 05.56.37.00,377,COMPLETE,1
1179,03-JUN-22 06.34.35.00,94,CANCELLED,1
1180,04-JUN-22 12.43.51.00,273,COMPLETE,1
1181,04-JUN-22 05.24.04.00,227,COMPLETE,1
1182,04-JUN-22 06.23.12.00,108,COMPLETE,1
1183,04-JUN-22 06.23.42.00,205,COMPLETE,2
1184,05-JUN-22 12.59.10.00,301,COMPLETE,11
1185,05-JUN-22 07.17.55.00,214,COMPLETE,1
1186,05-JUN-22 11.30.26.00,287,COMPLETE,1
1187,05-JUN-22 08.45.18.00,193,COMPLETE,1
1188,05-JUN-22 09.06.00.00,110,COMPLETE,1
1189,05-JUN-22 11.23.52.00,185,COMPLETE,1
1190,06-JUN-22 04.14.46.00,326,COMPLETE,7
1191,06-JUN-22 09.52.53.00,14,COMPLETE,1
1192,06-JUN-22 04.43.57.00,300,COMPLETE,10
1193,06-JUN-22 09.25.31.00,161,COMPLETE,1
1194,06-JUN-22 11.24.58.00,185,COMPLETE,11
1195,07-JUN-22 01.26.38.00,15,COMPLETE,1
1196,07-JUN-22 01.52.52.00,342,COMPLETE,1
1197,07-JUN-22 04.26.52.00,235,COMPLETE,1
1198,07-JUN-22 04.35.51.00,119,COMPLETE,1
1199,07-JUN-22 06.45.30.00,207,COMPLETE,1
1200,07-JUN-22 07.04.08.00,17,COMPLETE,1
1201,07-JUN-22 12.40.23.00,65,COMPLETE,1
1202,08-JUN-22 03.26.18.00,42,COMPLETE,13
1203,08-JUN-22 10.15.03.00,279,COMPLETE,1
1204,08-JUN-22 01.46.34.00,69,COMPLETE,11
1205,08-JUN-22 02.49.19.00,325,COMPLETE,6
1206,08-JUN-22 07.02.58.00,47,COMPLETE,1
1207,08-JUN-22 09.52.37.00,133,COMPLETE,1
1208,08-JUN-22 11.25.57.00,153,COMPLETE,1
1209,09-JUN-22 12.49.09.00,283,COMPLETE,1
1210,09-JUN-22 01.34.14.00,327,COMPLETE,8
1211,09-JUN-22 06.17.00.00,349,COMPLETE,1
1212,09-JUN-22 10.55.22.00,226,COMPLETE,1
1213,09-JUN-22 11.45.42.00,330,COMPLETE,1
1214,09-JUN-22 01.40.41.00,349,COMPLETE,1
1215,09-JUN-22 06.47.15.00,249,COMPLETE,1
1216,09-JUN-22 07.33.23.00,250,COMPLETE,1
1217,09-JUN-22 08.10.22.00,207,COMPLETE,4
1218,09-JUN-22 11.00.50.00,160,COMPLETE,15
1219,10-JUN-22 02.13.48.00,290,COMPLETE,1
1220,10-JUN-22 02.31.43.00,38,COMPLETE,9
1221,10-JUN-22 07.06.30.00,327,COMPLETE,1
1222,10-JUN-22 10.08.36.00,316,COMPLETE,1
1223,10-JUN-22 01.35.43.00,182,COMPLETE,1
1224,10-JUN-22 03.02.47.00,239,COMPLETE,1
1225,10-JUN-22 09.50.19.00,98,COMPLETE,1
1226,10-JUN-22 10.02.37.00,176,COMPLETE,2
1227,10-JUN-22 10.02.44.00,151,COMPLETE,6
1228,10-JUN-22 10.37.18.00,248,COMPLETE,1
1229,11-JUN-22 04.24.06.00,206,COMPLETE,1
1230,11-JUN-22 06.48.33.00,267,COMPLETE,1
1231,11-JUN-22 03.04.22.00,35,COMPLETE,6
1232,11-JUN-22 04.17.19.00,248,COMPLETE,16
1233,12-JUN-22 10.09.21.00,360,COMPLETE,12
1234,12-JUN-22 10.30.50.00,358,COMPLETE,1
1235,12-JUN-22 01.11.16.00,215,COMPLETE,12
1236,12-JUN-22 04.21.04.00,334,COMPLETE,1
1237,12-JUN-22 04.56.00.00,216,COMPLETE,13
1238,12-JUN-22 05.27.23.00,233,COMPLETE,1
1239,12-JUN-22 06.30.34.00,102,COMPLETE,15
1240,12-JUN-22 11.50.03.00,343,COMPLETE,1
1241,13-JUN-22 10.17.33.00,69,COMPLETE,11
1242,13-JUN-22 04.24.07.00,246,COMPLETE,1
1243,13-JUN-22 10.05.34.00,388,COMPLETE,11
1244,14-JUN-22 05.07.56.00,274,COMPLETE,1
1245,14-JUN-22 05.40.50.00,374,COMPLETE,1
1246,14-JUN-22 12.16.15.00,53,COMPLETE,1
1247,14-JUN-22 01.38.11.00,169,COMPLETE,1
1248,14-JUN-22 09.11.31.00,303,COMPLETE,13
1249,15-JUN-22 01.12.29.00,65,COMPLETE,1
1250,15-JUN-22 07.17.25.00,65,COMPLETE,7
1251,15-JUN-22 09.13.04.00,187,COMPLETE,1
1252,15-JUN-22 11.31.31.00,334,COMPLETE,15
1253,15-JUN-22 12.52.00.00,280,COMPLETE,1
1254,15-JUN-22 03.33.52.00,304,COMPLETE,1
1255,15-JUN-22 06.36.58.00,327,COMPLETE,1
1256,15-JUN-22 07.03.10.00,45,COMPLETE,16
1257,15-JUN-22 10.32.32.00,209,COMPLETE,6
1258,15-JUN-22 10.41.00.00,320,COMPLETE,1
1259,16-JUN-22 04.21.44.00,92,COMPLETE,1
1260,16-JUN-22 08.01.24.00,9,COMPLETE,9
1261,16-JUN-22 08.06.45.00,260,COMPLETE,1
1262,16-JUN-22 10.43.02.00,123,COMPLETE,1
1263,16-JUN-22 11.59.10.00,300,COMPLETE,10
1264,17-JUN-22 01.15.57.00,146,COMPLETE,1
1265,17-JUN-22 02.11.45.00,331,COMPLETE,12
1266,17-JUN-22 02.12.53.00,129,COMPLETE,1
1267,17-JUN-22 07.11.40.00,236,COMPLETE,1
1268,17-JUN-22 07.15.07.00,158,COMPLETE,13
1269,17-JUN-22 08.33.02.00,300,COMPLETE,1
1270,17-JUN-22 09.45.58.00,58,COMPLETE,1
1271,17-JUN-22 04.01.44.00,220,CANCELLED,17
1272,18-JUN-22 03.14.44.00,138,COMPLETE,1
1273,18-JUN-22 10.58.24.00,271,COMPLETE,10
1274,18-JUN-22 11.46.37.00,48,COMPLETE,1
1275,18-JUN-22 06.18.25.00,217,REFUNDED,14
1276,18-JUN-22 09.30.42.00,93,COMPLETE,6
1277,18-JUN-22 10.30.43.00,97,COMPLETE,10
1278,18-JUN-22 11.53.47.00,331,COMPLETE,12
1279,19-JUN-22 12.35.22.00,190,COMPLETE,16
1280,19-JUN-22 02.33.59.00,166,COMPLETE,1
1281,19-JUN-22 11.56.12.00,269,REFUNDED,8
1282,19-JUN-22 02.11.06.00,294,COMPLETE,1
1283,19-JUN-22 04.45.07.00,186,COMPLETE,12
1284,19-JUN-22 04.54.43.00,339,COMPLETE,1
1285,19-JUN-22 05.28.29.00,223,COMPLETE,1
1286,19-JUN-22 07.58.14.00,41,COMPLETE,1
1287,19-JUN-22 10.46.53.00,351,COMPLETE,1
1288,19-JUN-22 11.29.58.00,261,COMPLETE,1
1289,20-JUN-22 12.45.11.00,215,COMPLETE,12
1290,20-JUN-22 01.31.39.00,219,COMPLETE,16
1291,20-JUN-22 08.04.52.00,290,COMPLETE,1
1292,20-JUN-22 05.15.13.00,272,REFUNDED,1
1293,20-JUN-22 06.47.11.00,241,COMPLETE,9
1294,21-JUN-22 01.53.38.00,187,COMPLETE,13
1295,21-JUN-22 08.26.22.00,139,COMPLETE,1
1296,21-JUN-22 12.13.56.00,62,COMPLETE,4
1297,21-JUN-22 06.16.10.00,388,COMPLETE,11
1298,21-JUN-22 08.43.26.00,321,COMPLETE,1
1299,22-JUN-22 12.18.32.00,211,COMPLETE,1
1300,22-JUN-22 02.11.25.00,361,COMPLETE,13
1301,22-JUN-22 02.19.22.00,329,COMPLETE,10
1302,22-JUN-22 05.33.03.00,46,COMPLETE,17
1303,22-JUN-22 06.16.16.00,273,COMPLETE,12
1304,22-JUN-22 06.25.04.00,387,COMPLETE,1
1305,22-JUN-22 06.49.13.00,256,COMPLETE,1
1306,22-JUN-22 07.32.03.00,40,COMPLETE,1
1307,23-JUN-22 06.34.30.00,244,COMPLETE,12
1308,23-JUN-22 03.04.18.00,272,COMPLETE,1
1309,23-JUN-22 11.00.59.00,231,COMPLETE,1
1310,24-JUN-22 05.30.13.00,275,COMPLETE,14
1311,24-JUN-22 10.09.52.00,101,COMPLETE,14
1312,24-JUN-22 10.21.48.00,207,COMPLETE,1
1313,24-JUN-22 01.03.28.00,302,COMPLETE,12
1314,24-JUN-22 02.02.04.00,240,COMPLETE,8
1315,24-JUN-22 03.11.09.00,52,COMPLETE,1
1316,24-JUN-22 05.04.54.00,332,COMPLETE,1
1317,25-JUN-22 01.40.49.00,266,COMPLETE,1
1318,25-JUN-22 03.40.45.00,348,COMPLETE,1
1319,25-JUN-22 06.25.55.00,134,COMPLETE,1
1320,25-JUN-22 06.19.48.00,45,COMPLETE,1
1321,26-JUN-22 01.12.48.00,11,COMPLETE,1
1322,26-JUN-22 03.53.03.00,64,COMPLETE,1
1323,26-JUN-22 09.38.02.00,85,COMPLETE,1
1324,26-JUN-22 12.37.37.00,131,COMPLETE,15
1325,26-JUN-22 05.08.49.00,265,COMPLETE,1
1326,26-JUN-22 07.03.31.00,31,COMPLETE,2
1327,26-JUN-22 08.23.49.00,328,COMPLETE,9
1328,27-JUN-22 12.40.15.00,255,COMPLETE,1
1329,27-JUN-22 01.54.18.00,33,COMPLETE,1
1330,27-JUN-22 01.21.10.00,351,COMPLETE,1
1331,27-JUN-22 02.26.50.00,265,COMPLETE,4
1332,27-JUN-22 02.33.23.00,165,COMPLETE,1
1333,27-JUN-22 04.57.04.00,359,COMPLETE,1
1334,27-JUN-22 07.45.04.00,211,CANCELLED,1
1335,27-JUN-22 10.02.30.00,265,COMPLETE,1
1336,28-JUN-22 11.05.41.00,155,COMPLETE,10
1337,28-JUN-22 05.11.01.00,73,COMPLETE,1
1338,28-JUN-22 08.07.55.00,382,COMPLETE,5
1339,29-JUN-22 03.51.06.00,322,COMPLETE,1
1340,29-JUN-22 11.55.51.00,300,COMPLETE,1
1341,29-JUN-22 07.06.19.00,27,COMPLETE,1
1342,30-JUN-22 12.43.54.00,333,COMPLETE,1
1343,30-JUN-22 05.02.20.00,274,COMPLETE,13
1344,30-JUN-22 05.34.34.00,317,COMPLETE,1
1345,30-JUN-22 07.22.21.00,132,COMPLETE,1
1346,30-JUN-22 09.03.00.00,245,COMPLETE,1
1347,30-JUN-22 02.32.11.00,48,COMPLETE,1
1348,30-JUN-22 03.37.26.00,18,COMPLETE,18
1349,30-JUN-22 07.43.44.00,154,COMPLETE,1
1350,01-JUL-22 02.19.45.00,289,COMPLETE,1
1351,01-JUL-22 02.05.11.00,103,COMPLETE,16
1352,01-JUL-22 02.57.31.00,28,COMPLETE,1
1353,01-JUL-22 06.09.01.00,77,COMPLETE,1
1354,01-JUL-22 07.42.45.00,222,COMPLETE,1
1355,01-JUL-22 09.37.09.00,191,COMPLETE,17
1356,01-JUL-22 10.44.52.00,390,COMPLETE,13
1357,02-JUL-22 12.54.04.00,246,COMPLETE,14
1358,02-JUL-22 08.05.59.00,306,COMPLETE,1
1359,02-JUL-22 04.45.39.00,27,COMPLETE,1
1360,02-JUL-22 10.37.39.00,267,COMPLETE,6
1361,03-JUL-22 10.14.25.00,198,COMPLETE,1
1362,03-JUL-22 11.09.31.00,353,COMPLETE,5
1363,03-JUL-22 04.40.10.00,19,COMPLETE,1
1364,03-JUL-22 10.48.34.00,39,COMPLETE,1
1365,04-JUL-22 09.17.13.00,129,COMPLETE,13
1366,04-JUL-22 09.21.18.00,44,COMPLETE,15
1367,04-JUL-22 10.32.15.00,172,COMPLETE,1
1368,04-JUL-22 11.32.22.00,301,COMPLETE,11
1369,04-JUL-22 03.47.27.00,298,COMPLETE,8
1370,04-JUL-22 03.57.00.00,358,COMPLETE,10
1371,04-JUL-22 10.54.11.00,163,COMPLETE,18
1372,05-JUL-22 03.54.22.00,102,COMPLETE,15
1373,05-JUL-22 10.07.10.00,16,COMPLETE,16
1374,05-JUL-22 07.04.44.00,333,COMPLETE,14
1375,05-JUL-22 10.01.25.00,27,COMPLETE,1
1376,06-JUL-22 03.08.01.00,382,COMPLETE,5
1377,06-JUL-22 06.30.57.00,118,COMPLETE,1
1378,06-JUL-22 09.44.23.00,384,COMPLETE,1
1379,06-JUL-22 07.34.04.00,253,COMPLETE,1
1380,06-JUL-22 11.53.36.00,99,COMPLETE,12
1381,07-JUL-22 03.28.39.00,363,COMPLETE,15
1382,07-JUL-22 05.16.04.00,185,COMPLETE,1
1383,07-JUL-22 08.33.24.00,273,COMPLETE,12
1384,07-JUL-22 10.05.11.00,331,COMPLETE,12
1385,07-JUL-22 10.53.33.00,363,COMPLETE,15
1386,07-JUL-22 02.27.37.00,309,COMPLETE,1
1387,07-JUL-22 02.56.29.00,334,COMPLETE,15
1388,07-JUL-22 03.17.49.00,104,COMPLETE,1
1389,07-JUL-22 09.58.10.00,258,COMPLETE,1
1390,07-JUL-22 11.31.40.00,1,COMPLETE,1
1391,08-JUL-22 05.59.23.00,131,COMPLETE,15
1392,08-JUL-22 10.25.33.00,194,COMPLETE,1
1393,08-JUL-22 02.59.13.00,355,COMPLETE,7
1394,08-JUL-22 11.13.54.00,234,COMPLETE,1
1395,09-JUL-22 02.36.08.00,172,COMPLETE,1
1396,09-JUL-22 03.49.56.00,232,COMPLETE,1
1397,09-JUL-22 04.46.08.00,250,COMPLETE,1
1398,09-JUL-22 07.37.17.00,278,COMPLETE,1
1399,09-JUL-22 10.41.20.00,238,COMPLETE,1
1400,09-JUL-22 01.32.27.00,15,COMPLETE,15
1401,09-JUL-22 02.29.40.00,244,COMPLETE,1
1402,09-JUL-22 03.05.13.00,246,COMPLETE,1
1403,09-JUL-22 07.52.34.00,382,COMPLETE,5
1404,09-JUL-22 08.09.49.00,211,COMPLETE,8
1405,10-JUL-22 09.51.38.00,315,COMPLETE,1
1406,10-JUL-22 10.47.29.00,91,COMPLETE,4
1407,10-JUL-22 10.49.35.00,76,COMPLETE,18
1408,10-JUL-22 04.50.26.00,292,COMPLETE,2
1409,10-JUL-22 11.29.17.00,246,COMPLETE,14
1410,11-JUL-22 01.14.52.00,220,COMPLETE,1
1411,11-JUL-22 02.27.15.00,41,COMPLETE,1
1412,11-JUL-22 03.55.34.00,68,COMPLETE,10
1413,11-JUL-22 09.25.42.00,347,COMPLETE,1
1414,11-JUL-22 09.47.59.00,135,COMPLETE,1
1415,11-JUL-22 11.45.51.00,83,COMPLETE,1
1416,12-JUL-22 04.31.49.00,245,COMPLETE,13
1417,12-JUL-22 11.24.51.00,307,COMPLETE,17
1418,12-JUL-22 12.11.02.00,13,COMPLETE,13
1419,12-JUL-22 02.41.46.00,189,COMPLETE,15
1420,12-JUL-22 03.02.43.00,215,COMPLETE,1
1421,12-JUL-22 04.12.11.00,357,COMPLETE,1
1422,12-JUL-22 06.06.47.00,122,COMPLETE,6
1423,12-JUL-22 08.30.32.00,306,COMPLETE,16
1424,13-JUL-22 03.47.49.00,249,COMPLETE,17
1425,13-JUL-22 05.55.09.00,190,COMPLETE,16
1426,13-JUL-22 10.06.55.00,87,COMPLETE,1
1427,13-JUL-22 11.43.03.00,127,COMPLETE,11
1428,14-JUL-22 12.28.36.00,188,COMPLETE,14
1429,14-JUL-22 05.52.02.00,196,COMPLETE,1
1430,14-JUL-22 11.51.27.00,336,COMPLETE,1
1431,14-JUL-22 04.15.30.00,166,COMPLETE,1
1432,14-JUL-22 10.39.09.00,337,COMPLETE,1
1433,14-JUL-22 10.49.54.00,57,COMPLETE,1
1434,14-JUL-22 11.07.29.00,44,COMPLETE,15
1435,14-JUL-22 11.41.28.00,22,COMPLETE,1
1436,15-JUL-22 02.00.50.00,161,COMPLETE,16
1437,15-JUL-22 03.48.45.00,16,COMPLETE,16
1438,15-JUL-22 08.35.06.00,52,COMPLETE,1
1439,15-JUL-22 11.32.39.00,16,COMPLETE,1
1440,16-JUL-22 12.15.22.00,104,COMPLETE,1
1441,16-JUL-22 02.05.07.00,364,COMPLETE,16
1442,16-JUL-22 04.08.45.00,93,COMPLETE,6
1443,17-JUL-22 03.30.31.00,65,COMPLETE,1
1444,17-JUL-22 05.31.15.00,67,COMPLETE,1
1445,17-JUL-22 07.57.19.00,234,COMPLETE,1
1446,17-JUL-22 09.52.52.00,49,COMPLETE,1
1447,17-JUL-22 10.48.11.00,114,COMPLETE,1
1448,18-JUL-22 01.49.54.00,16,COMPLETE,1
1449,18-JUL-22 01.55.55.00,243,COMPLETE,11
1450,18-JUL-22 02.36.44.00,6,COMPLETE,1
1451,18-JUL-22 02.51.02.00,16,COMPLETE,16
1452,18-JUL-22 04.55.18.00,41,COMPLETE,12
1453,18-JUL-22 02.27.26.00,58,COMPLETE,1
1454,18-JUL-22 05.36.49.00,73,COMPLETE,15
1455,18-JUL-22 10.20.13.00,4,COMPLETE,1
1456,18-JUL-22 11.43.52.00,196,COMPLETE,1
1457,19-JUL-22 07.49.42.00,386,COMPLETE,1
1458,19-JUL-22 08.21.18.00,305,COMPLETE,15
1459,19-JUL-22 09.57.17.00,207,COMPLETE,1
1460,19-JUL-22 09.58.54.00,365,COMPLETE,17
1461,19-JUL-22 11.41.40.00,288,COMPLETE,1
1462,19-JUL-22 03.40.32.00,277,COMPLETE,1
1463,19-JUL-22 06.07.30.00,262,COMPLETE,1
1464,19-JUL-22 06.31.43.00,118,COMPLETE,2
1465,19-JUL-22 10.16.15.00,121,COMPLETE,5
1466,19-JUL-22 10.40.20.00,155,COMPLETE,10
1467,20-JUL-22 06.12.03.00,352,COMPLETE,4
1468,20-JUL-22 09.07.04.00,4,COMPLETE,1
1469,20-JUL-22 10.25.21.00,26,COMPLETE,1
1470,20-JUL-22 01.33.30.00,100,COMPLETE,13
1471,20-JUL-22 02.09.43.00,14,COMPLETE,14
1472,20-JUL-22 02.38.51.00,89,COMPLETE,2
1473,20-JUL-22 03.21.51.00,202,COMPLETE,1
1474,20-JUL-22 08.27.28.00,159,COMPLETE,14
1475,21-JUL-22 02.07.47.00,158,COMPLETE,13
1476,21-JUL-22 06.51.56.00,30,COMPLETE,1
1477,21-JUL-22 01.03.44.00,329,REFUNDED,1
1478,21-JUL-22 04.45.52.00,191,COMPLETE,1
1479,21-JUL-22 06.55.00.00,128,COMPLETE,12
1480,21-JUL-22 07.08.31.00,299,COMPLETE,1
1481,21-JUL-22 08.39.04.00,321,REFUNDED,2
1482,22-JUL-22 01.55.23.00,175,COMPLETE,1
1483,22-JUL-22 02.49.12.00,14,COMPLETE,14
1484,22-JUL-22 11.24.37.00,171,COMPLETE,1
1485,22-JUL-22 12.00.52.00,157,COMPLETE,1
1486,22-JUL-22 11.15.43.00,15,COMPLETE,15
1487,23-JUL-22 04.34.20.00,26,COMPLETE,1
1488,23-JUL-22 04.57.49.00,185,COMPLETE,11
1489,23-JUL-22 05.54.56.00,130,COMPLETE,1
1490,23-JUL-22 06.35.34.00,36,COMPLETE,7
1491,23-JUL-22 03.56.45.00,1,COMPLETE,1
1492,23-JUL-22 10.51.26.00,279,COMPLETE,18
1493,23-JUL-22 11.47.26.00,385,COMPLETE,8
1494,24-JUL-22 12.35.33.00,222,COMPLETE,19
1495,24-JUL-22 06.22.23.00,192,COMPLETE,18
1496,24-JUL-22 06.57.23.00,156,COMPLETE,11
1497,24-JUL-22 12.49.42.00,349,COMPLETE,1
1498,24-JUL-22 01.20.30.00,13,COMPLETE,13
1499,24-JUL-22 02.29.48.00,372,COMPLETE,1
1500,25-JUL-22 05.59.38.00,253,COMPLETE,1
1501,25-JUL-22 09.09.40.00,199,COMPLETE,1
1502,25-JUL-22 09.13.54.00,233,COMPLETE,1
1503,25-JUL-22 03.39.40.00,138,COMPLETE,1
1504,25-JUL-22 07.30.17.00,337,COMPLETE,18
1505,25-JUL-22 11.38.10.00,136,COMPLETE,1
1506,26-JUL-22 01.26.39.00,305,COMPLETE,15
1507,26-JUL-22 01.37.21.00,227,COMPLETE,1
1508,26-JUL-22 02.23.56.00,163,COMPLETE,1
1509,26-JUL-22 05.23.30.00,166,COMPLETE,1
1510,26-JUL-22 11.08.42.00,238,COMPLETE,1
1511,27-JUL-22 01.08.12.00,135,COMPLETE,19
1512,27-JUL-22 10.06.53.00,330,COMPLETE,11
1513,27-JUL-22 11.57.40.00,20,COMPLETE,1
1514,27-JUL-22 05.46.39.00,229,COMPLETE,1
1515,27-JUL-22 06.29.59.00,230,COMPLETE,1
1516,27-JUL-22 08.23.35.00,362,COMPLETE,1
1517,27-JUL-22 10.54.31.00,237,COMPLETE,1
1518,28-JUL-22 12.08.10.00,131,COMPLETE,1
1519,28-JUL-22 05.42.59.00,202,COMPLETE,1
1520,28-JUL-22 07.26.26.00,3,COMPLETE,1
1521,28-JUL-22 08.27.18.00,147,COMPLETE,1
1522,28-JUL-22 11.34.42.00,86,COMPLETE,1
1523,28-JUL-22 05.19.28.00,392,COMPLETE,15
1524,28-JUL-22 07.13.11.00,26,COMPLETE,1
1525,28-JUL-22 09.02.08.00,10,COMPLETE,1
1526,28-JUL-22 09.23.02.00,231,COMPLETE,1
1527,28-JUL-22 09.53.46.00,214,COMPLETE,1
1528,28-JUL-22 10.54.33.00,134,COMPLETE,18
1529,28-JUL-22 11.59.28.00,71,COMPLETE,13
1530,29-JUL-22 05.05.16.00,102,COMPLETE,15
1531,29-JUL-22 10.37.29.00,364,COMPLETE,16
1532,29-JUL-22 10.59.03.00,74,COMPLETE,16
1533,29-JUL-22 03.39.07.00,215,COMPLETE,12
1534,29-JUL-22 10.10.54.00,216,COMPLETE,13
1535,29-JUL-22 10.22.31.00,295,COMPLETE,1
1536,29-JUL-22 11.26.20.00,90,COMPLETE,1
1537,30-JUL-22 01.19.17.00,91,COMPLETE,1
1538,30-JUL-22 08.40.07.00,65,COMPLETE,1
1539,30-JUL-22 10.04.54.00,273,COMPLETE,1
1540,30-JUL-22 01.30.16.00,354,COMPLETE,1
1541,30-JUL-22 02.30.10.00,257,COMPLETE,1
1542,30-JUL-22 03.47.58.00,100,COMPLETE,13
1543,30-JUL-22 07.34.12.00,8,COMPLETE,1
1544,30-JUL-22 08.12.35.00,234,COMPLETE,2
1545,31-JUL-22 01.18.05.00,359,COMPLETE,1
1546,31-JUL-22 04.48.08.00,43,COMPLETE,1
1547,31-JUL-22 05.57.08.00,218,COMPLETE,15
1548,31-JUL-22 11.59.36.00,388,COMPLETE,1
1549,31-JUL-22 12.08.29.00,19,COMPLETE,1
1550,31-JUL-22 01.13.34.00,392,COMPLETE,15
1551,31-JUL-22 03.03.46.00,357,COMPLETE,9
1552,31-JUL-22 07.53.28.00,17,COMPLETE,17
1553,31-JUL-22 10.42.25.00,162,COMPLETE,17
1554,31-JUL-22 10.55.24.00,361,COMPLETE,1
1555,31-JUL-22 11.02.03.00,7,COMPLETE,7
1556,01-AUG-22 08.19.29.00,130,COMPLETE,14
1557,01-AUG-22 11.22.09.00,240,COMPLETE,8
1558,01-AUG-22 11.29.08.00,44,COMPLETE,1
1559,01-AUG-22 01.00.14.00,75,COMPLETE,17
1560,01-AUG-22 01.18.09.00,14,COMPLETE,1
1561,01-AUG-22 03.41.07.00,8,COMPLETE,8
1562,01-AUG-22 07.24.48.00,385,COMPLETE,1
1563,01-AUG-22 08.52.07.00,188,COMPLETE,14
1564,01-AUG-22 11.34.25.00,302,COMPLETE,1
1565,02-AUG-22 02.19.49.00,270,COMPLETE,1
1566,02-AUG-22 04.11.00.00,222,COMPLETE,19
1567,02-AUG-22 11.07.37.00,336,COMPLETE,17
1568,02-AUG-22 01.47.41.00,236,COMPLETE,1
1569,02-AUG-22 03.28.38.00,297,COMPLETE,7
1570,02-AUG-22 05.15.32.00,389,COMPLETE,12
1571,02-AUG-22 09.32.55.00,296,COMPLETE,1
1572,02-AUG-22 10.58.36.00,102,COMPLETE,1
1573,03-AUG-22 03.33.40.00,133,COMPLETE,17
1574,03-AUG-22 08.55.42.00,123,CANCELLED,1
1575,03-AUG-22 05.16.15.00,360,COMPLETE,1
1576,03-AUG-22 08.51.42.00,62,COMPLETE,1
1577,04-AUG-22 04.19.56.00,208,COMPLETE,1
1578,04-AUG-22 09.11.58.00,218,COMPLETE,1
1579,04-AUG-22 11.18.16.00,184,COMPLETE,1
1580,04-AUG-22 03.08.59.00,301,COMPLETE,1
1581,04-AUG-22 05.55.05.00,154,COMPLETE,9
1582,04-AUG-22 08.49.08.00,58,COMPLETE,1
1583,05-AUG-22 02.15.24.00,274,COMPLETE,13
1584,05-AUG-22 02.34.41.00,361,COMPLETE,1
1585,05-AUG-22 05.08.19.00,75,COMPLETE,17
1586,05-AUG-22 07.45.21.00,47,COMPLETE,18
1587,05-AUG-22 10.00.48.00,130,COMPLETE,14
1588,05-AUG-22 05.00.49.00,190,COMPLETE,16
1589,05-AUG-22 05.26.31.00,160,COMPLETE,1
1590,06-AUG-22 08.25.03.00,129,COMPLETE,13
1591,06-AUG-22 10.06.40.00,183,COMPLETE,9
1592,06-AUG-22 02.52.34.00,121,COMPLETE,1
1593,06-AUG-22 03.52.05.00,139,COMPLETE,1
1594,06-AUG-22 08.07.53.00,56,COMPLETE,1
1595,06-AUG-22 09.44.51.00,72,COMPLETE,14
1596,06-AUG-22 10.36.58.00,148,COMPLETE,1
1597,06-AUG-22 11.30.09.00,276,COMPLETE,1
1598,07-AUG-22 12.32.42.00,387,COMPLETE,10
1599,07-AUG-22 01.21.13.00,83,COMPLETE,1
1600,07-AUG-22 03.22.31.00,359,COMPLETE,11
1601,07-AUG-22 11.25.06.00,179,COMPLETE,1
1602,07-AUG-22 11.48.14.00,206,COMPLETE,3
1603,08-AUG-22 12.15.19.00,205,COMPLETE,1
1604,08-AUG-22 02.08.00.00,347,COMPLETE,1
1605,08-AUG-22 02.38.15.00,306,COMPLETE,16
1606,08-AUG-22 04.16.51.00,30,COMPLETE,1
1607,08-AUG-22 07.44.57.00,317,COMPLETE,1
1608,08-AUG-22 01.34.55.00,247,COMPLETE,15
1609,08-AUG-22 06.41.20.00,192,COMPLETE,18
1610,09-AUG-22 04.08.13.00,212,COMPLETE,1
1611,09-AUG-22 04.26.33.00,166,COMPLETE,1
1612,09-AUG-22 06.44.12.00,28,COMPLETE,1
1613,09-AUG-22 02.35.37.00,306,COMPLETE,1
1614,09-AUG-22 04.12.28.00,226,COMPLETE,1
1615,10-AUG-22 01.37.41.00,128,COMPLETE,1
1616,10-AUG-22 01.53.59.00,82,COMPLETE,1
1617,10-AUG-22 02.31.59.00,160,COMPLETE,15
1618,10-AUG-22 05.55.49.00,382,COMPLETE,1
1619,10-AUG-22 08.00.54.00,228,COMPLETE,1
1620,10-AUG-22 12.57.24.00,27,COMPLETE,1
1621,10-AUG-22 05.53.37.00,47,COMPLETE,1
1622,10-AUG-22 06.08.59.00,59,COMPLETE,1
1623,10-AUG-22 07.21.26.00,211,COMPLETE,8
1624,10-AUG-22 08.10.51.00,320,COMPLETE,1
1625,11-AUG-22 08.11.20.00,163,COMPLETE,1
1626,11-AUG-22 01.16.13.00,152,COMPLETE,1
1627,11-AUG-22 05.56.21.00,275,COMPLETE,1
1628,12-AUG-22 02.40.53.00,219,COMPLETE,1
1629,12-AUG-22 03.30.40.00,162,COMPLETE,17
1630,12-AUG-22 03.33.58.00,333,COMPLETE,14
1631,12-AUG-22 07.29.24.00,257,COMPLETE,1
1632,12-AUG-22 11.41.02.00,278,COMPLETE,1
1633,12-AUG-22 12.53.50.00,76,COMPLETE,18
1634,12-AUG-22 03.34.29.00,348,COMPLETE,1
1635,12-AUG-22 09.02.39.00,11,COMPLETE,11
1636,13-AUG-22 02.45.36.00,366,COMPLETE,1
1637,13-AUG-22 10.01.03.00,12,COMPLETE,1
1638,13-AUG-22 11.36.17.00,135,COMPLETE,19
1639,13-AUG-22 12.18.08.00,72,COMPLETE,1
1640,14-AUG-22 08.51.22.00,306,COMPLETE,16
1641,14-AUG-22 08.59.33.00,388,COMPLETE,11
1642,14-AUG-22 12.04.30.00,296,COMPLETE,1
1643,14-AUG-22 05.54.39.00,192,COMPLETE,18
1644,14-AUG-22 07.01.59.00,179,COMPLETE,5
1645,14-AUG-22 09.42.34.00,205,COMPLETE,1
1646,15-AUG-22 05.11.01.00,217,REFUNDED,14
1647,15-AUG-22 09.22.57.00,217,REFUNDED,1
1648,16-AUG-22 01.11.26.00,301,COMPLETE,1
1649,16-AUG-22 12.03.03.00,312,COMPLETE,1
1650,16-AUG-22 12.22.16.00,103,COMPLETE,16
1651,16-AUG-22 07.04.21.00,319,COMPLETE,1
1652,16-AUG-22 07.26.55.00,92,COMPLETE,1
1653,16-AUG-22 10.47.38.00,359,COMPLETE,1
1654,17-AUG-22 12.02.09.00,270,COMPLETE,1
1655,17-AUG-22 01.09.33.00,362,COMPLETE,14
1656,17-AUG-22 02.35.26.00,170,COMPLETE,1
1657,17-AUG-22 04.31.51.00,77,COMPLETE,1
1658,17-AUG-22 06.40.33.00,293,COMPLETE,1
1659,17-AUG-22 09.00.07.00,18,COMPLETE,18
1660,17-AUG-22 11.51.13.00,231,COMPLETE,1
1661,17-AUG-22 01.38.03.00,354,COMPLETE,6
1662,17-AUG-22 10.46.12.00,75,COMPLETE,1
1663,18-AUG-22 11.11.08.00,105,COMPLETE,18
1664,18-AUG-22 02.43.11.00,386,COMPLETE,9
1665,18-AUG-22 08.24.32.00,94,COMPLETE,7
1666,19-AUG-22 12.29.50.00,308,COMPLETE,1
1667,19-AUG-22 01.00.24.00,304,COMPLETE,14
1668,19-AUG-22 07.48.26.00,390,COMPLETE,1
1669,19-AUG-22 10.12.30.00,366,COMPLETE,1
1670,19-AUG-22 11.26.37.00,267,COMPLETE,6
1671,20-AUG-22 02.12.59.00,179,COMPLETE,1
1672,20-AUG-22 02.30.08.00,134,COMPLETE,18
1673,20-AUG-22 04.02.10.00,70,COMPLETE,1
1674,20-AUG-22 04.47.22.00,287,COMPLETE,1
1675,20-AUG-22 09.32.05.00,280,COMPLETE,1
1676,20-AUG-22 12.13.51.00,243,COMPLETE,1
1677,20-AUG-22 01.50.38.00,330,COMPLETE,1
1678,20-AUG-22 02.50.09.00,391,COMPLETE,14
1679,21-AUG-22 12.43.00.00,74,COMPLETE,16
1680,21-AUG-22 12.53.31.00,244,COMPLETE,12
1681,21-AUG-22 10.26.02.00,104,COMPLETE,17
1682,21-AUG-22 12.37.04.00,365,COMPLETE,17
1683,21-AUG-22 05.29.06.00,179,COMPLETE,1
1684,21-AUG-22 05.34.51.00,86,COMPLETE,1
1685,21-AUG-22 07.07.20.00,370,COMPLETE,1
1686,22-AUG-22 02.55.30.00,244,COMPLETE,12
1687,22-AUG-22 03.16.51.00,351,COMPLETE,3
1688,22-AUG-22 07.46.05.00,157,REFUNDED,1
1689,22-AUG-22 08.37.01.00,149,COMPLETE,1
1690,22-AUG-22 09.40.35.00,305,COMPLETE,15
1691,22-AUG-22 03.29.57.00,358,COMPLETE,10
1692,23-AUG-22 12.36.13.00,71,COMPLETE,1
1693,23-AUG-22 04.43.47.00,228,COMPLETE,1
1694,24-AUG-22 04.00.50.00,221,COMPLETE,18
1695,24-AUG-22 04.40.56.00,106,COMPLETE,19
1696,24-AUG-22 06.20.01.00,355,COMPLETE,1
1697,24-AUG-22 09.37.09.00,367,COMPLETE,19
1698,24-AUG-22 12.54.10.00,244,REFUNDED,1
1699,25-AUG-22 02.21.45.00,45,COMPLETE,16
1700,25-AUG-22 03.10.54.00,279,COMPLETE,18
1701,25-AUG-22 06.06.49.00,223,COMPLETE,20
1702,25-AUG-22 11.24.55.00,177,COMPLETE,1
1703,26-AUG-22 02.15.29.00,131,COMPLETE,15
1704,26-AUG-22 04.29.22.00,257,COMPLETE,1
1705,26-AUG-22 11.38.36.00,140,COMPLETE,1
1706,26-AUG-22 12.38.36.00,250,COMPLETE,18
1707,26-AUG-22 04.43.54.00,194,COMPLETE,20
1708,26-AUG-22 08.15.48.00,321,COMPLETE,1
1709,26-AUG-22 09.27.40.00,219,COMPLETE,16
1710,27-AUG-22 02.53.53.00,386,COMPLETE,1
1711,27-AUG-22 06.43.16.00,220,COMPLETE,1
1712,27-AUG-22 06.52.01.00,213,COMPLETE,10
1713,27-AUG-22 07.49.06.00,304,COMPLETE,14
1714,27-AUG-22 09.36.53.00,193,COMPLETE,19
1715,27-AUG-22 11.14.00.00,282,COMPLETE,1
1716,27-AUG-22 06.34.53.00,336,COMPLETE,17
1717,27-AUG-22 11.46.19.00,180,COMPLETE,1
1718,28-AUG-22 12.03.57.00,179,COMPLETE,5
1719,28-AUG-22 05.34.00.00,362,COMPLETE,1
1720,28-AUG-22 11.09.49.00,269,CANCELLED,1
1721,29-AUG-22 04.50.28.00,162,COMPLETE,17
1722,29-AUG-22 05.57.29.00,338,COMPLETE,19
1723,29-AUG-22 10.23.40.00,133,COMPLETE,17
1724,29-AUG-22 01.43.40.00,241,COMPLETE,1
1725,29-AUG-22 04.49.21.00,251,COMPLETE,19
1726,29-AUG-22 05.30.32.00,157,COMPLETE,1
1727,29-AUG-22 07.57.08.00,49,COMPLETE,20
1728,29-AUG-22 08.01.00.00,238,COMPLETE,1
1729,30-AUG-22 07.57.44.00,141,COMPLETE,1
1730,30-AUG-22 10.18.42.00,10,COMPLETE,10
1731,31-AUG-22 04.37.46.00,19,COMPLETE,19
1732,31-AUG-22 12.07.20.00,380,COMPLETE,3
1733,31-AUG-22 09.59.04.00,101,COMPLETE,14
1734,01-SEP-22 01.01.27.00,236,COMPLETE,4
1735,01-SEP-22 03.01.01.00,239,COMPLETE,1
1736,01-SEP-22 11.31.26.00,239,COMPLETE,7
1737,01-SEP-22 12.36.11.00,234,COMPLETE,1
1738,01-SEP-22 01.02.18.00,376,COMPLETE,1
1739,01-SEP-22 02.04.46.00,340,COMPLETE,1
1740,01-SEP-22 03.23.57.00,278,COMPLETE,17
1741,01-SEP-22 06.14.40.00,310,COMPLETE,20
1742,01-SEP-22 08.53.27.00,142,COMPLETE,1
1743,02-SEP-22 12.41.55.00,364,COMPLETE,1
1744,02-SEP-22 12.49.51.00,48,COMPLETE,19
1745,03-SEP-22 01.43.16.00,346,COMPLETE,1
1746,03-SEP-22 03.35.22.00,222,COMPLETE,19
1747,03-SEP-22 06.12.12.00,250,COMPLETE,18
1748,03-SEP-22 07.59.25.00,176,COMPLETE,1
1749,03-SEP-22 12.25.32.00,223,COMPLETE,20
1750,03-SEP-22 01.19.17.00,307,COMPLETE,17
1751,03-SEP-22 04.22.55.00,308,COMPLETE,18
1752,03-SEP-22 04.33.36.00,194,COMPLETE,20
1753,03-SEP-22 08.36.53.00,254,COMPLETE,1
1754,04-SEP-22 04.17.28.00,195,COMPLETE,21
1755,04-SEP-22 09.25.05.00,259,COMPLETE,1
1756,04-SEP-22 11.52.14.00,79,COMPLETE,21
1757,04-SEP-22 12.13.03.00,132,COMPLETE,16
1758,04-SEP-22 12.18.11.00,362,COMPLETE,14
1759,05-SEP-22 12.03.43.00,108,COMPLETE,21
1760,05-SEP-22 03.35.24.00,78,COMPLETE,20
1761,05-SEP-22 05.58.43.00,159,COMPLETE,14
1762,05-SEP-22 11.48.45.00,278,COMPLETE,1
1763,05-SEP-22 02.19.56.00,267,COMPLETE,1
1764,05-SEP-22 04.31.44.00,317,COMPLETE,1
1765,05-SEP-22 11.48.35.00,160,COMPLETE,15
1766,06-SEP-22 12.17.45.00,280,COMPLETE,19
1767,06-SEP-22 04.17.48.00,164,COMPLETE,19
1768,06-SEP-22 12.12.51.00,368,COMPLETE,20
1769,06-SEP-22 12.49.28.00,308,COMPLETE,1
1770,06-SEP-22 02.42.23.00,340,COMPLETE,1
1771,07-SEP-22 06.26.03.00,364,COMPLETE,1
1772,07-SEP-22 05.00.01.00,341,COMPLETE,1
1773,07-SEP-22 08.07.58.00,281,COMPLETE,20
1774,07-SEP-22 11.08.12.00,281,COMPLETE,20
1775,08-SEP-22 02.28.36.00,21,COMPLETE,21
1776,08-SEP-22 06.45.46.00,20,COMPLETE,20
1777,08-SEP-22 08.20.40.00,271,COMPLETE,1
1778,08-SEP-22 09.16.27.00,286,COMPLETE,1
1779,08-SEP-22 10.33.50.00,246,COMPLETE,1
1780,08-SEP-22 02.13.39.00,272,CANCELLED,11
1781,08-SEP-22 02.36.38.00,248,COMPLETE,16
1782,08-SEP-22 03.09.40.00,300,COMPLETE,1
1783,08-SEP-22 08.16.28.00,386,COMPLETE,1
1784,09-SEP-22 01.20.53.00,108,COMPLETE,21
1785,09-SEP-22 09.28.32.00,284,COMPLETE,1
1786,09-SEP-22 04.56.12.00,137,COMPLETE,21
1787,09-SEP-22 10.04.53.00,311,COMPLETE,21
1788,10-SEP-22 06.34.14.00,278,COMPLETE,17
1789,10-SEP-22 06.03.45.00,359,COMPLETE,1
1790,10-SEP-22 08.20.33.00,77,COMPLETE,19
1791,10-SEP-22 09.30.12.00,332,COMPLETE,13
1792,11-SEP-22 03.23.48.00,251,COMPLETE,19
1793,11-SEP-22 07.02.03.00,158,COMPLETE,13
1794,11-SEP-22 10.43.29.00,237,COMPLETE,5
1795,11-SEP-22 01.27.31.00,240,COMPLETE,8
1796,12-SEP-22 01.56.11.00,344,COMPLETE,1
1797,12-SEP-22 03.38.05.00,339,COMPLETE,20
1798,12-SEP-22 07.08.24.00,166,COMPLETE,21
1799,12-SEP-22 07.30.50.00,308,COMPLETE,18
1800,12-SEP-22 09.39.43.00,283,COMPLETE,1
1801,13-SEP-22 01.05.11.00,335,COMPLETE,16
1802,13-SEP-22 03.12.44.00,283,COMPLETE,1
1803,13-SEP-22 06.00.11.00,363,COMPLETE,15
1804,13-SEP-22 09.06.20.00,256,COMPLETE,1
1805,13-SEP-22 11.15.15.00,277,COMPLETE,16
1806,13-SEP-22 04.15.27.00,242,COMPLETE,1
1807,13-SEP-22 05.01.01.00,21,COMPLETE,21
1808,13-SEP-22 06.17.38.00,20,COMPLETE,20
1809,13-SEP-22 08.29.21.00,195,COMPLETE,21
1810,13-SEP-22 11.07.55.00,386,COMPLETE,9
1811,14-SEP-22 01.16.07.00,159,COMPLETE,14
1812,14-SEP-22 07.17.58.00,365,COMPLETE,17
1813,14-SEP-22 01.54.32.00,191,COMPLETE,17
1814,14-SEP-22 05.05.16.00,359,COMPLETE,1
1815,14-SEP-22 05.27.10.00,79,COMPLETE,21
1816,14-SEP-22 09.41.01.00,109,COMPLETE,22
1817,15-SEP-22 05.38.39.00,8,COMPLETE,8
1818,15-SEP-22 11.13.42.00,340,COMPLETE,21
1819,15-SEP-22 03.04.31.00,22,COMPLETE,22
1820,16-SEP-22 11.19.05.00,49,COMPLETE,20
1821,16-SEP-22 12.53.52.00,135,COMPLETE,19
1822,16-SEP-22 08.33.50.00,51,COMPLETE,22
1823,17-SEP-22 07.04.35.00,296,COMPLETE,1
1824,17-SEP-22 07.41.07.00,21,COMPLETE,21
1825,17-SEP-22 10.03.38.00,219,COMPLETE,16
1826,17-SEP-22 04.37.14.00,223,COMPLETE,20
1827,17-SEP-22 07.40.30.00,310,COMPLETE,20
1828,17-SEP-22 11.54.48.00,107,COMPLETE,20
1829,18-SEP-22 08.17.18.00,77,COMPLETE,19
1830,18-SEP-22 09.51.38.00,50,COMPLETE,21
1831,18-SEP-22 04.16.50.00,187,COMPLETE,13
1832,18-SEP-22 10.15.16.00,277,COMPLETE,16
1833,19-SEP-22 04.06.37.00,340,COMPLETE,21
1834,19-SEP-22 04.53.59.00,278,COMPLETE,17
1835,19-SEP-22 08.19.33.00,51,COMPLETE,22
1836,19-SEP-22 09.40.17.00,267,COMPLETE,1
1837,19-SEP-22 10.44.06.00,282,COMPLETE,21
1838,19-SEP-22 11.35.02.00,49,COMPLETE,20
1839,19-SEP-22 05.12.22.00,353,CANCELLED,1
1840,20-SEP-22 02.12.56.00,138,COMPLETE,22
1841,20-SEP-22 05.19.12.00,80,COMPLETE,22
1842,20-SEP-22 08.37.52.00,183,COMPLETE,9
1843,20-SEP-22 12.09.30.00,338,COMPLETE,19
1844,20-SEP-22 03.04.59.00,310,COMPLETE,20
1845,21-SEP-22 06.57.39.00,194,COMPLETE,20
1846,21-SEP-22 07.07.41.00,258,COMPLETE,1
1847,21-SEP-22 08.30.46.00,266,COMPLETE,1
1848,21-SEP-22 02.18.10.00,125,COMPLETE,9
1849,21-SEP-22 04.16.22.00,209,COMPLETE,6
1850,21-SEP-22 07.11.44.00,369,COMPLETE,21
1851,21-SEP-22 11.39.46.00,340,COMPLETE,21
1852,22-SEP-22 03.06.46.00,326,COMPLETE,1
1853,22-SEP-22 07.10.57.00,77,COMPLETE,19
1854,22-SEP-22 09.08.34.00,277,COMPLETE,1
1855,22-SEP-22 02.34.48.00,391,COMPLETE,14
1856,23-SEP-22 03.41.24.00,357,COMPLETE,1
1857,23-SEP-22 04.46.52.00,309,COMPLETE,19
1858,23-SEP-22 08.01.44.00,165,REFUNDED,20
1859,23-SEP-22 11.59.02.00,336,COMPLETE,17
1860,23-SEP-22 02.04.09.00,281,COMPLETE,20
1861,23-SEP-22 11.43.23.00,292,COMPLETE,1
1862,24-SEP-22 02.09.23.00,365,COMPLETE,1
1863,24-SEP-22 04.55.59.00,253,COMPLETE,21
1864,24-SEP-22 07.53.55.00,375,COMPLETE,1
1865,24-SEP-22 09.27.14.00,224,COMPLETE,21
1866,25-SEP-22 02.57.33.00,51,COMPLETE,22
1867,25-SEP-22 04.00.07.00,266,COMPLETE,1
1868,25-SEP-22 03.06.03.00,252,COMPLETE,20
1869,25-SEP-22 06.47.36.00,279,COMPLETE,18
1870,25-SEP-22 10.51.45.00,318,COMPLETE,1
1871,26-SEP-22 03.34.22.00,161,COMPLETE,16
1872,26-SEP-22 06.53.37.00,166,COMPLETE,21
1873,26-SEP-22 10.20.02.00,58,COMPLETE,23
1874,26-SEP-22 04.04.06.00,106,COMPLETE,19
1875,26-SEP-22 10.44.59.00,167,COMPLETE,22
1876,27-SEP-22 05.48.15.00,334,COMPLETE,15
1877,28-SEP-22 02.44.24.00,351,COMPLETE,1
1878,28-SEP-22 06.48.28.00,366,COMPLETE,18
1879,28-SEP-22 02.09.31.00,116,COMPLETE,23
1880,28-SEP-22 02.51.48.00,29,COMPLETE,23
1881,28-SEP-22 07.32.55.00,276,COMPLETE,15
1882,28-SEP-22 10.23.31.00,79,COMPLETE,21
1883,29-SEP-22 12.50.28.00,371,COMPLETE,1
1884,29-SEP-22 09.37.48.00,254,COMPLETE,22
1885,29-SEP-22 10.36.30.00,166,COMPLETE,21
1886,29-SEP-22 02.23.55.00,203,COMPLETE,23
1887,29-SEP-22 03.01.17.00,29,COMPLETE,23
1888,29-SEP-22 05.47.02.00,138,COMPLETE,22
1889,29-SEP-22 08.08.33.00,167,COMPLETE,22
1890,30-SEP-22 07.16.12.00,7,COMPLETE,7
1891,01-OCT-22 03.33.46.00,58,COMPLETE,23
1892,01-OCT-22 04.58.34.00,80,COMPLETE,22
1893,01-OCT-22 12.15.24.00,225,COMPLETE,22
1894,01-OCT-22 09.10.38.00,332,COMPLETE,1
1895,02-OCT-22 05.13.48.00,29,COMPLETE,23
1896,02-OCT-22 05.49.35.00,333,COMPLETE,14
1897,02-OCT-22 07.19.06.00,87,COMPLETE,23
1898,02-OCT-22 08.34.55.00,368,COMPLETE,20
1899,02-OCT-22 09.18.56.00,341,COMPLETE,22
1900,02-OCT-22 05.49.13.00,339,COMPLETE,1
1901,03-OCT-22 03.03.31.00,61,COMPLETE,3
1902,03-OCT-22 06.14.43.00,232,COMPLETE,23
1903,03-OCT-22 07.17.25.00,164,COMPLETE,19
1904,03-OCT-22 09.25.47.00,224,COMPLETE,21
1905,03-OCT-22 10.15.58.00,347,COMPLETE,1
1906,03-OCT-22 07.17.05.00,309,COMPLETE,1
1907,04-OCT-22 01.45.30.00,312,COMPLETE,22
1908,04-OCT-22 02.30.22.00,224,COMPLETE,21
1909,04-OCT-22 05.27.24.00,345,COMPLETE,1
1910,04-OCT-22 09.21.29.00,109,COMPLETE,22
1911,04-OCT-22 05.02.27.00,311,COMPLETE,21
1912,04-OCT-22 06.50.02.00,195,COMPLETE,21
1913,05-OCT-22 01.51.50.00,283,COMPLETE,22
1914,06-OCT-22 02.13.15.00,58,COMPLETE,23
1915,06-OCT-22 04.32.25.00,261,COMPLETE,23
1916,06-OCT-22 01.11.46.00,87,COMPLETE,23
1917,06-OCT-22 07.00.59.00,225,COMPLETE,22
1918,06-OCT-22 09.21.28.00,254,COMPLETE,22
1919,06-OCT-22 09.48.06.00,145,COMPLETE,23
1920,06-OCT-22 11.03.31.00,145,COMPLETE,23
1921,07-OCT-22 09.32.55.00,261,COMPLETE,23
1922,07-OCT-22 11.37.03.00,339,COMPLETE,20
1923,08-OCT-22 06.32.03.00,354,COMPLETE,1
1924,08-OCT-22 09.24.15.00,232,COMPLETE,23
1925,08-OCT-22 09.46.47.00,87,COMPLETE,23
1926,09-OCT-22 02.49.18.00,366,COMPLETE,18
1927,09-OCT-22 08.38.12.00,196,COMPLETE,22
1928,09-OCT-22 11.08.20.00,367,COMPLETE,19
1929,10-OCT-22 03.58.58.00,165,REFUNDED,20
1930,10-OCT-22 04.08.58.00,338,COMPLETE,19
1931,10-OCT-22 08.11.03.00,136,COMPLETE,20
1932,10-OCT-22 04.28.05.00,319,COMPLETE,23
1933,11-OCT-22 04.41.30.00,254,COMPLETE,22
1934,11-OCT-22 08.03.49.00,370,CANCELLED,22
1935,11-OCT-22 12.14.30.00,370,CANCELLED,22
1936,11-OCT-22 11.16.55.00,312,COMPLETE,22
1937,12-OCT-22 02.39.03.00,312,COMPLETE,22
1938,13-OCT-22 02.16.04.00,370,CANCELLED,22
1939,13-OCT-22 02.38.33.00,174,COMPLETE,23
1940,13-OCT-22 04.42.03.00,203,COMPLETE,23
1941,14-OCT-22 07.01.09.00,290,COMPLETE,23
1942,15-OCT-22 11.20.31.00,203,COMPLETE,23
1943,15-OCT-22 03.58.15.00,377,COMPLETE,23
1944,15-OCT-22 05.58.41.00,367,COMPLETE,19
1945,15-OCT-22 11.33.45.00,341,COMPLETE,22
1946,16-OCT-22 02.07.09.00,348,COMPLETE,23
1947,16-OCT-22 11.33.22.00,377,COMPLETE,23
1948,16-OCT-22 11.33.59.00,319,COMPLETE,23
1949,17-OCT-22 02.58.45.00,348,COMPLETE,23
1950,18-OCT-22 05.25.20.00,348,COMPLETE,23